{
  "type": "FeatureCollection",
  "generatedAt": "2026-08-30T15:30:44.619Z",
  "features": [
    {
      "type": "Feature",
      "properties": {
        "name": "Decoro Street",
        "kind": "shared"
      },
      "geometry": {
        "type": "LineString",
        "coordinates": [
          [
            -117.216476,
            32.864117
          ],
          [
            -117.2163991,
            32.8641188
          ],
          [
            -117.2163586,
            32.8641198
          ],
          [
            -117.2158339,
            32.8641322
          ],
          [
            -117.2142307,
            32.8641391
          ],
          [
            -117.21402,
            32.86414
          ],
          [
            -117.2133004,
            32.864162
          ]
        ]
      }
    },
    {
      "type": "Feature",
      "properties": {
        "name": "Via Las Rambles",
        "kind": "shared"
      },
      "geometry": {
        "type": "LineString",
        "coordinates": [
          [
            -117.2101917,
            32.8666052
          ],
          [
            -117.2101236,
            32.866694
          ]
        ]
      }
    },
    {
      "type": "Feature",
      "properties": {
        "name": "Nobel Drive",
        "kind": "lane"
      },
      "geometry": {
        "type": "LineString",
        "coordinates": [
          [
            -117.2136901,
            32.8669162
          ],
          [
            -117.2138191,
            32.8668842
          ],
          [
            -117.2149372,
            32.8666157
          ],
          [
            -117.2150957,
            32.8665815
          ],
          [
            -117.2155764,
            32.8665094
          ]
        ]
      }
    },
    {
      "type": "Feature",
      "properties": {
        "name": "Nobel Drive",
        "kind": "shared"
      },
      "geometry": {
        "type": "LineString",
        "coordinates": [
          [
            -117.2085498,
            32.8654622
          ],
          [
            -117.2086143,
            32.8655142
          ],
          [
            -117.2086277,
            32.8655248
          ],
          [
            -117.2088169,
            32.8656754
          ],
          [
            -117.2092392,
            32.866023
          ]
        ]
      }
    },
    {
      "type": "Feature",
      "properties": {
        "name": "Nobel Drive",
        "kind": "shared"
      },
      "geometry": {
        "type": "LineString",
        "coordinates": [
          [
            -117.2136283,
            32.8667583
          ],
          [
            -117.2134414,
            32.8667999
          ]
        ]
      }
    },
    {
      "type": "Feature",
      "properties": {
        "name": "Genesee Avenue",
        "kind": "lane"
      },
      "geometry": {
        "type": "LineString",
        "coordinates": [
          [
            -117.2110572,
            32.8620093
          ],
          [
            -117.2105186,
            32.8616195
          ]
        ]
      }
    },
    {
      "type": "Feature",
      "properties": {
        "name": "Genesee Avenue",
        "kind": "lane"
      },
      "geometry": {
        "type": "LineString",
        "coordinates": [
          [
            -117.2109141,
            32.8620635
          ],
          [
            -117.2109532,
            32.8620914
          ],
          [
            -117.2111883,
            32.8622647
          ],
          [
            -117.2114718,
            32.8625242
          ],
          [
            -117.2117377,
            32.8628251
          ],
          [
            -117.2119402,
            32.863083
          ],
          [
            -117.2121672,
            32.8634018
          ],
          [
            -117.2123722,
            32.8637497
          ]
        ]
      }
    },
    {
      "type": "Feature",
      "properties": {
        "name": "Genesee Avenue",
        "kind": "lane"
      },
      "geometry": {
        "type": "LineString",
        "coordinates": [
          [
            -117.2096875,
            32.8610691
          ],
          [
            -117.209616,
            32.8610207
          ],
          [
            -117.2086855,
            32.8603969
          ],
          [
            -117.2071032,
            32.8593824
          ],
          [
            -117.2064648,
            32.8589363
          ],
          [
            -117.2061268,
            32.8586029
          ],
          [
            -117.2057538,
            32.8580988
          ],
          [
            -117.2056816,
            32.857999
          ],
          [
            -117.2055397,
            32.8575735
          ],
          [
            -117.2054456,
            32.8572916
          ],
          [
            -117.205231,
            32.8565435
          ],
          [
            -117.204939,
            32.8554906
          ]
        ]
      }
    },
    {
      "type": "Feature",
      "properties": {
        "name": "Genesee Avenue",
        "kind": "lane"
      },
      "geometry": {
        "type": "LineString",
        "coordinates": [
          [
            -117.2103957,
            32.8616983
          ],
          [
            -117.2109141,
            32.8620635
          ]
        ]
      }
    },
    {
      "type": "Feature",
      "properties": {
        "name": "Lombard Place",
        "kind": "shared"
      },
      "geometry": {
        "type": "LineString",
        "coordinates": [
          [
            -117.2117069,
            32.8679766
          ],
          [
            -117.2117008,
            32.8678893
          ],
          [
            -117.2116414,
            32.8678029
          ],
          [
            -117.2116263,
            32.8677465
          ],
          [
            -117.2116217,
            32.8676792
          ],
          [
            -117.2116395,
            32.8672705
          ],
          [
            -117.2116398,
            32.8672531
          ],
          [
            -117.2115823,
            32.8671579
          ]
        ]
      }
    },
    {
      "type": "Feature",
      "properties": {
        "name": "Lombard Place",
        "kind": "shared"
      },
      "geometry": {
        "type": "LineString",
        "coordinates": [
          [
            -117.2115823,
            32.8671579
          ],
          [
            -117.2115192,
            32.8672374
          ],
          [
            -117.2115114,
            32.8672526
          ],
          [
            -117.2115021,
            32.8676781
          ],
          [
            -117.2115013,
            32.8677452
          ],
          [
            -117.2115131,
            32.8678158
          ],
          [
            -117.2115256,
            32.8678389
          ],
          [
            -117.2115743,
            32.8679288
          ],
          [
            -117.2117069,
            32.8679766
          ]
        ]
      }
    },
    {
      "type": "Feature",
      "properties": {
        "name": "Nobel Drive",
        "kind": "lane"
      },
      "geometry": {
        "type": "LineString",
        "coordinates": [
          [
            -117.2164968,
            32.866421
          ],
          [
            -117.2163617,
            32.8664049
          ],
          [
            -117.2160252,
            32.8663793
          ],
          [
            -117.2156426,
            32.8663617
          ],
          [
            -117.2154664,
            32.8663698
          ],
          [
            -117.2152144,
            32.8663972
          ],
          [
            -117.2149811,
            32.8664363
          ],
          [
            -117.2147006,
            32.8664922
          ]
        ]
      }
    },
    {
      "type": "Feature",
      "properties": {
        "name": "Nobel Drive",
        "kind": "lane"
      },
      "geometry": {
        "type": "LineString",
        "coordinates": [
          [
            -117.2155764,
            32.8665094
          ],
          [
            -117.2160656,
            32.8665239
          ],
          [
            -117.2163132,
            32.8665651
          ],
          [
            -117.2163368,
            32.8665688
          ],
          [
            -117.2164918,
            32.8665949
          ]
        ]
      }
    },
    {
      "type": "Feature",
      "properties": {
        "name": "Genesee Avenue",
        "kind": "shared"
      },
      "geometry": {
        "type": "LineString",
        "coordinates": [
          [
            -117.2136901,
            32.8669162
          ],
          [
            -117.2136283,
            32.8667583
          ]
        ]
      }
    },
    {
      "type": "Feature",
      "properties": {
        "name": "Genesee Avenue",
        "kind": "track"
      },
      "geometry": {
        "type": "LineString",
        "coordinates": [
          [
            -117.2134906,
            32.8669539
          ],
          [
            -117.2135189,
            32.8670811
          ],
          [
            -117.2136442,
            32.8674983
          ]
        ]
      }
    },
    {
      "type": "Feature",
      "properties": {
        "name": "Genesee Avenue",
        "kind": "lane"
      },
      "geometry": {
        "type": "LineString",
        "coordinates": [
          [
            -117.2134414,
            32.8667999
          ],
          [
            -117.2134906,
            32.8669539
          ]
        ]
      }
    },
    {
      "type": "Feature",
      "properties": {
        "name": "Genesee Avenue",
        "kind": "shared"
      },
      "geometry": {
        "type": "LineString",
        "coordinates": [
          [
            -117.2136283,
            32.8667583
          ],
          [
            -117.2136087,
            32.8666937
          ],
          [
            -117.213533,
            32.8664678
          ]
        ]
      }
    },
    {
      "type": "Feature",
      "properties": {
        "name": "Nobel Drive",
        "kind": "shared"
      },
      "geometry": {
        "type": "LineString",
        "coordinates": [
          [
            -117.2134414,
            32.8667999
          ],
          [
            -117.213342,
            32.8668227
          ],
          [
            -117.2130657,
            32.866887
          ]
        ]
      }
    },
    {
      "type": "Feature",
      "properties": {
        "name": "Genesee Avenue",
        "kind": "shared"
      },
      "geometry": {
        "type": "LineString",
        "coordinates": [
          [
            -117.213533,
            32.8664678
          ],
          [
            -117.2130578,
            32.8651693
          ],
          [
            -117.2130011,
            32.8649902
          ]
        ]
      }
    },
    {
      "type": "Feature",
      "properties": {
        "name": "Genesee Avenue",
        "kind": "shared"
      },
      "geometry": {
        "type": "LineString",
        "coordinates": [
          [
            -117.2130011,
            32.8649902
          ],
          [
            -117.2129235,
            32.8647496
          ],
          [
            -117.2127868,
            32.8644027
          ],
          [
            -117.2127737,
            32.8643715
          ],
          [
            -117.2127373,
            32.8642598
          ]
        ]
      }
    },
    {
      "type": "Feature",
      "properties": {
        "name": "Genesee Avenue",
        "kind": "lane"
      },
      "geometry": {
        "type": "LineString",
        "coordinates": [
          [
            -117.2127373,
            32.8642598
          ],
          [
            -117.2126979,
            32.86416
          ],
          [
            -117.2124907,
            32.8637282
          ],
          [
            -117.2123291,
            32.8634391
          ],
          [
            -117.2120828,
            32.8630712
          ],
          [
            -117.2118241,
            32.8627419
          ],
          [
            -117.2116208,
            32.8625141
          ],
          [
            -117.2113816,
            32.8622758
          ],
          [
            -117.211114,
            32.8620473
          ],
          [
            -117.2110572,
            32.8620093
          ]
        ]
      }
    },
    {
      "type": "Feature",
      "properties": {
        "name": "Genesee Avenue",
        "kind": "lane"
      },
      "geometry": {
        "type": "LineString",
        "coordinates": [
          [
            -117.2126078,
            32.8642862
          ],
          [
            -117.2126426,
            32.8643942
          ],
          [
            -117.213222,
            32.866136
          ]
        ]
      }
    },
    {
      "type": "Feature",
      "properties": {
        "name": "Genesee Avenue",
        "kind": "lane"
      },
      "geometry": {
        "type": "LineString",
        "coordinates": [
          [
            -117.213222,
            32.866136
          ],
          [
            -117.2132495,
            32.8662249
          ],
          [
            -117.213299,
            32.8663715
          ]
        ]
      }
    },
    {
      "type": "Feature",
      "properties": {
        "name": "Genesee Avenue",
        "kind": "lane"
      },
      "geometry": {
        "type": "LineString",
        "coordinates": [
          [
            -117.213299,
            32.8663715
          ],
          [
            -117.2134142,
            32.8667161
          ],
          [
            -117.2134197,
            32.8667335
          ],
          [
            -117.2134414,
            32.8667999
          ]
        ]
      }
    },
    {
      "type": "Feature",
      "properties": {
        "name": "Nobel Drive",
        "kind": "lane"
      },
      "geometry": {
        "type": "LineString",
        "coordinates": [
          [
            -117.2122137,
            32.8671682
          ],
          [
            -117.2123011,
            32.8671632
          ],
          [
            -117.2123727,
            32.8671591
          ],
          [
            -117.2126066,
            32.8671222
          ],
          [
            -117.2129215,
            32.8670685
          ]
        ]
      }
    },
    {
      "type": "Feature",
      "properties": {
        "name": "Nobel Drive",
        "kind": "shared"
      },
      "geometry": {
        "type": "LineString",
        "coordinates": [
          [
            -117.211597,
            32.8670288
          ],
          [
            -117.2114825,
            32.8670254
          ],
          [
            -117.2114201,
            32.8670213
          ],
          [
            -117.2111189,
            32.8669634
          ],
          [
            -117.2107898,
            32.8668616
          ],
          [
            -117.210653,
            32.8668143
          ]
        ]
      }
    },
    {
      "type": "Feature",
      "properties": {
        "name": "Nobel Drive",
        "kind": "shared"
      },
      "geometry": {
        "type": "LineString",
        "coordinates": [
          [
            -117.2101917,
            32.8666052
          ],
          [
            -117.2100721,
            32.8665255
          ],
          [
            -117.2098697,
            32.8663926
          ],
          [
            -117.2097436,
            32.8662901
          ],
          [
            -117.2095257,
            32.866104
          ]
        ]
      }
    },
    {
      "type": "Feature",
      "properties": {
        "name": "Nobel Drive",
        "kind": "shared"
      },
      "geometry": {
        "type": "LineString",
        "coordinates": [
          [
            -117.210653,
            32.8668143
          ],
          [
            -117.2105583,
            32.8667815
          ],
          [
            -117.2103497,
            32.8666864
          ],
          [
            -117.2101917,
            32.8666052
          ]
        ]
      }
    },
    {
      "type": "Feature",
      "properties": {
        "name": "Nobel Drive",
        "kind": "shared"
      },
      "geometry": {
        "type": "LineString",
        "coordinates": [
          [
            -117.2095257,
            32.866104
          ],
          [
            -117.2093918,
            32.8659839
          ],
          [
            -117.2091959,
            32.8658174
          ]
        ]
      }
    },
    {
      "type": "Feature",
      "properties": {
        "name": "Nobel Drive",
        "kind": "shared"
      },
      "geometry": {
        "type": "LineString",
        "coordinates": [
          [
            -117.2091959,
            32.8658174
          ],
          [
            -117.2087529,
            32.8654309
          ],
          [
            -117.208749,
            32.8654275
          ],
          [
            -117.208743,
            32.8654226
          ],
          [
            -117.2086701,
            32.8653639
          ]
        ]
      }
    },
    {
      "type": "Feature",
      "properties": {
        "name": "Nobel Drive",
        "kind": "shared"
      },
      "geometry": {
        "type": "LineString",
        "coordinates": [
          [
            -117.2092392,
            32.866023
          ],
          [
            -117.2093049,
            32.8660771
          ],
          [
            -117.2096765,
            32.8663833
          ],
          [
            -117.2098013,
            32.8664881
          ],
          [
            -117.2099949,
            32.8666169
          ],
          [
            -117.2101236,
            32.866694
          ]
        ]
      }
    },
    {
      "type": "Feature",
      "properties": {
        "name": "Nobel Drive",
        "kind": "lane"
      },
      "geometry": {
        "type": "LineString",
        "coordinates": [
          [
            -117.2008955,
            32.8646008
          ],
          [
            -117.2010455,
            32.8645483
          ],
          [
            -117.2010967,
            32.8645269
          ],
          [
            -117.201463,
            32.8644131
          ],
          [
            -117.2017152,
            32.8643509
          ],
          [
            -117.2022049,
            32.8642485
          ],
          [
            -117.2027856,
            32.8641833
          ],
          [
            -117.2042299,
            32.8640145
          ],
          [
            -117.204562,
            32.8639809
          ],
          [
            -117.204876,
            32.8639645
          ],
          [
            -117.2052306,
            32.8639699
          ],
          [
            -117.2055383,
            32.8639994
          ],
          [
            -117.2057931,
            32.8640248
          ],
          [
            -117.2060148,
            32.8640799
          ],
          [
            -117.2062806,
            32.8641367
          ],
          [
            -117.2066091,
            32.8642472
          ],
          [
            -117.2069479,
            32.8643797
          ],
          [
            -117.2072912,
            32.8645497
          ],
          [
            -117.2075744,
            32.8647107
          ],
          [
            -117.2077744,
            32.8648369
          ]
        ]
      }
    },
    {
      "type": "Feature",
      "properties": {
        "name": "Nobel Drive",
        "kind": "lane"
      },
      "geometry": {
        "type": "LineString",
        "coordinates": [
          [
            -117.2077744,
            32.8648369
          ],
          [
            -117.2079264,
            32.8649628
          ],
          [
            -117.2081463,
            32.8651352
          ]
        ]
      }
    },
    {
      "type": "Feature",
      "properties": {
        "name": "Nobel Drive",
        "kind": "lane"
      },
      "geometry": {
        "type": "LineString",
        "coordinates": [
          [
            -117.2081463,
            32.8651352
          ],
          [
            -117.2083758,
            32.8653247
          ],
          [
            -117.2083887,
            32.8653352
          ],
          [
            -117.2084025,
            32.8653467
          ],
          [
            -117.2084608,
            32.8653938
          ]
        ]
      }
    },
    {
      "type": "Feature",
      "properties": {
        "name": "Genesee Avenue",
        "kind": "lane"
      },
      "geometry": {
        "type": "LineString",
        "coordinates": [
          [
            -117.2045267,
            32.8546697
          ],
          [
            -117.2045445,
            32.8547607
          ],
          [
            -117.2045669,
            32.8548652
          ],
          [
            -117.2046255,
            32.8550664
          ],
          [
            -117.2047851,
            32.8555727
          ],
          [
            -117.204886,
            32.8559229
          ],
          [
            -117.2050006,
            32.8562835
          ],
          [
            -117.2050941,
            32.8565795
          ],
          [
            -117.2052501,
            32.857101
          ],
          [
            -117.2053834,
            32.857571
          ],
          [
            -117.2054847,
            32.8578494
          ],
          [
            -117.2055779,
            32.858069
          ]
        ]
      }
    },
    {
      "type": "Feature",
      "properties": {
        "name": "Genesee Avenue",
        "kind": "track"
      },
      "geometry": {
        "type": "LineString",
        "coordinates": [
          [
            -117.2138575,
            32.867352
          ],
          [
            -117.2137471,
            32.867056
          ],
          [
            -117.2137333,
            32.8670195
          ],
          [
            -117.2136901,
            32.8669162
          ]
        ]
      }
    },
    {
      "type": "Feature",
      "properties": {
        "name": "Genesee Avenue",
        "kind": "lane"
      },
      "geometry": {
        "type": "LineString",
        "coordinates": [
          [
            -117.2105186,
            32.8616195
          ],
          [
            -117.2101408,
            32.8613615
          ]
        ]
      }
    },
    {
      "type": "Feature",
      "properties": {
        "name": "Genesee Avenue",
        "kind": "lane"
      },
      "geometry": {
        "type": "LineString",
        "coordinates": [
          [
            -117.2101408,
            32.8613615
          ],
          [
            -117.209767,
            32.8611252
          ],
          [
            -117.2096875,
            32.8610691
          ]
        ]
      }
    },
    {
      "type": "Feature",
      "properties": {
        "name": "Genesee Avenue",
        "kind": "lane"
      },
      "geometry": {
        "type": "LineString",
        "coordinates": [
          [
            -117.2123722,
            32.8637497
          ],
          [
            -117.2125468,
            32.8641452
          ],
          [
            -117.2125593,
            32.8641811
          ],
          [
            -117.2126078,
            32.8642862
          ]
        ]
      }
    },
    {
      "type": "Feature",
      "properties": {
        "name": "Nobel Drive",
        "kind": "lane"
      },
      "geometry": {
        "type": "LineString",
        "coordinates": [
          [
            -117.2147006,
            32.8664922
          ],
          [
            -117.2144755,
            32.8665447
          ]
        ]
      }
    },
    {
      "type": "Feature",
      "properties": {
        "name": "Nobel Drive",
        "kind": "lane"
      },
      "geometry": {
        "type": "LineString",
        "coordinates": [
          [
            -117.2129215,
            32.8670685
          ],
          [
            -117.2133449,
            32.8669789
          ],
          [
            -117.2133847,
            32.8669705
          ],
          [
            -117.2134906,
            32.8669539
          ]
        ]
      }
    },
    {
      "type": "Feature",
      "properties": {
        "name": "Genesee Avenue",
        "kind": "lane"
      },
      "geometry": {
        "type": "LineString",
        "coordinates": [
          [
            -117.2063332,
            32.8589994
          ],
          [
            -117.2069026,
            32.8594349
          ],
          [
            -117.2074948,
            32.859824
          ],
          [
            -117.2089345,
            32.8607603
          ]
        ]
      }
    },
    {
      "type": "Feature",
      "properties": {
        "name": "Genesee Avenue",
        "kind": "lane"
      },
      "geometry": {
        "type": "LineString",
        "coordinates": [
          [
            -117.2089345,
            32.8607603
          ],
          [
            -117.2095077,
            32.8611216
          ],
          [
            -117.2095922,
            32.8611713
          ]
        ]
      }
    },
    {
      "type": "Feature",
      "properties": {
        "name": "Genesee Avenue",
        "kind": "lane"
      },
      "geometry": {
        "type": "LineString",
        "coordinates": [
          [
            -117.2095922,
            32.8611713
          ],
          [
            -117.2097007,
            32.8612367
          ],
          [
            -117.2103957,
            32.8616983
          ]
        ]
      }
    },
    {
      "type": "Feature",
      "properties": {
        "name": "Genesee Avenue",
        "kind": "lane"
      },
      "geometry": {
        "type": "LineString",
        "coordinates": [
          [
            -117.2055779,
            32.858069
          ],
          [
            -117.205644,
            32.8582063
          ],
          [
            -117.2057835,
            32.8584406
          ],
          [
            -117.2059498,
            32.8586614
          ],
          [
            -117.206159,
            32.8588552
          ],
          [
            -117.2063332,
            32.8589994
          ]
        ]
      }
    },
    {
      "type": "Feature",
      "properties": {
        "name": "Nobel Drive",
        "kind": "lane"
      },
      "geometry": {
        "type": "LineString",
        "coordinates": [
          [
            -117.2080226,
            32.8648202
          ],
          [
            -117.2079215,
            32.8647512
          ],
          [
            -117.2075448,
            32.8645141
          ],
          [
            -117.2072406,
            32.8643509
          ],
          [
            -117.2068098,
            32.8641616
          ],
          [
            -117.2066337,
            32.8641011
          ],
          [
            -117.2064931,
            32.8640487
          ],
          [
            -117.2062752,
            32.8639862
          ],
          [
            -117.2060113,
            32.8639299
          ],
          [
            -117.2058114,
            32.8638869
          ],
          [
            -117.2055407,
            32.8638574
          ],
          [
            -117.2052924,
            32.8638339
          ],
          [
            -117.2048736,
            32.8638289
          ],
          [
            -117.2045586,
            32.8638372
          ],
          [
            -117.2043129,
            32.8638626
          ],
          [
            -117.2034504,
            32.8639583
          ],
          [
            -117.2028236,
            32.864025
          ],
          [
            -117.2023257,
            32.8640937
          ],
          [
            -117.2021225,
            32.8641218
          ],
          [
            -117.2019146,
            32.8641707
          ]
        ]
      }
    },
    {
      "type": "Feature",
      "properties": {
        "name": "Nobel Drive",
        "kind": "lane"
      },
      "geometry": {
        "type": "LineString",
        "coordinates": [
          [
            -117.2115823,
            32.8671579
          ],
          [
            -117.2117258,
            32.867162
          ],
          [
            -117.2121164,
            32.8671737
          ],
          [
            -117.2122137,
            32.8671682
          ]
        ]
      }
    },
    {
      "type": "Feature",
      "properties": {
        "name": "Nobel Drive",
        "kind": "shared"
      },
      "geometry": {
        "type": "LineString",
        "coordinates": [
          [
            -117.2101236,
            32.866694
          ],
          [
            -117.2102577,
            32.8667677
          ],
          [
            -117.2104988,
            32.8668822
          ],
          [
            -117.2107659,
            32.8669844
          ],
          [
            -117.2110749,
            32.8670711
          ]
        ]
      }
    },
    {
      "type": "Feature",
      "properties": {
        "name": "Decoro Street",
        "kind": "shared"
      },
      "geometry": {
        "type": "LineString",
        "coordinates": [
          [
            -117.2133004,
            32.864162
          ],
          [
            -117.21306,
            32.8641797
          ],
          [
            -117.2129252,
            32.8642086
          ],
          [
            -117.2128678,
            32.8642233
          ],
          [
            -117.2128309,
            32.8642327
          ],
          [
            -117.2127373,
            32.8642598
          ]
        ]
      }
    },
    {
      "type": "Feature",
      "properties": {
        "name": "Nobel Drive",
        "kind": "lane"
      },
      "geometry": {
        "type": "LineString",
        "coordinates": [
          [
            -117.208581,
            32.8652903
          ],
          [
            -117.2085379,
            32.8652521
          ],
          [
            -117.2080226,
            32.8648202
          ]
        ]
      }
    },
    {
      "type": "Feature",
      "properties": {
        "name": "Genesee Avenue",
        "kind": "lane"
      },
      "geometry": {
        "type": "LineString",
        "coordinates": [
          [
            -117.2181031,
            32.8807729
          ],
          [
            -117.2179911,
            32.880725
          ],
          [
            -117.2160649,
            32.8798105
          ],
          [
            -117.2157228,
            32.8796348
          ],
          [
            -117.2154585,
            32.8794839
          ],
          [
            -117.2151918,
            32.8792968
          ],
          [
            -117.2148919,
            32.8790203
          ]
        ]
      }
    },
    {
      "type": "Feature",
      "properties": {
        "name": "Eastgate Mall",
        "kind": "lane"
      },
      "geometry": {
        "type": "LineString",
        "coordinates": [
          [
            -117.2132756,
            32.8778009
          ],
          [
            -117.2129563,
            32.8778828
          ],
          [
            -117.2128499,
            32.8779127
          ],
          [
            -117.2120858,
            32.8781188
          ]
        ]
      }
    },
    {
      "type": "Feature",
      "properties": {
        "name": "Towne Center Plaza",
        "kind": "shared"
      },
      "geometry": {
        "type": "LineString",
        "coordinates": [
          [
            -117.2108764,
            32.8700436
          ],
          [
            -117.2110486,
            32.8700505
          ],
          [
            -117.2111482,
            32.8699747
          ],
          [
            -117.211253,
            32.869895
          ],
          [
            -117.2113061,
            32.8698545
          ],
          [
            -117.2113142,
            32.8688993
          ],
          [
            -117.2113193,
            32.8688636
          ],
          [
            -117.2113329,
            32.8687687
          ]
        ]
      }
    },
    {
      "type": "Feature",
      "properties": {
        "name": "Genesee Avenue",
        "kind": "lane"
      },
      "geometry": {
        "type": "LineString",
        "coordinates": [
          [
            -117.2142099,
            32.8724483
          ],
          [
            -117.2142043,
            32.8722993
          ],
          [
            -117.2141966,
            32.8700768
          ],
          [
            -117.2141965,
            32.8699429
          ]
        ]
      }
    },
    {
      "type": "Feature",
      "properties": {
        "name": "Genesee Avenue",
        "kind": "lane"
      },
      "geometry": {
        "type": "LineString",
        "coordinates": [
          [
            -117.2139078,
            32.8776191
          ],
          [
            -117.2139311,
            32.877738
          ],
          [
            -117.2139572,
            32.8778841
          ],
          [
            -117.2139996,
            32.8780266
          ],
          [
            -117.2140204,
            32.8781188
          ],
          [
            -117.2140581,
            32.8782195
          ],
          [
            -117.2141338,
            32.8783935
          ],
          [
            -117.2142034,
            32.8785324
          ],
          [
            -117.2142674,
            32.8786455
          ],
          [
            -117.2143184,
            32.8787283
          ]
        ]
      }
    },
    {
      "type": "Feature",
      "properties": {
        "name": "Genesee Avenue",
        "kind": "lane"
      },
      "geometry": {
        "type": "LineString",
        "coordinates": [
          [
            -117.2139313,
            32.8699454
          ],
          [
            -117.2139297,
            32.8700827
          ],
          [
            -117.2139206,
            32.8710474
          ]
        ]
      }
    },
    {
      "type": "Feature",
      "properties": {
        "name": "Eastgate Mall",
        "kind": "track"
      },
      "geometry": {
        "type": "LineString",
        "coordinates": [
          [
            -117.2177568,
            32.8768871
          ],
          [
            -117.217247,
            32.876888
          ],
          [
            -117.216957,
            32.876915
          ],
          [
            -117.2168522,
            32.8769318
          ],
          [
            -117.216372,
            32.8770194
          ],
          [
            -117.2161875,
            32.8770619
          ],
          [
            -117.2158607,
            32.8771325
          ],
          [
            -117.2152771,
            32.8772717
          ],
          [
            -117.2150396,
            32.8773285
          ],
          [
            -117.2147977,
            32.8773887
          ]
        ]
      }
    },
    {
      "type": "Feature",
      "properties": {
        "name": "Genesee Avenue",
        "kind": "lane"
      },
      "geometry": {
        "type": "LineString",
        "coordinates": [
          [
            -117.2139222,
            32.8691947
          ],
          [
            -117.2139295,
            32.869708
          ],
          [
            -117.21393,
            32.8697448
          ],
          [
            -117.2139327,
            32.8698217
          ]
        ]
      }
    },
    {
      "type": "Feature",
      "properties": {
        "name": "Genesee Avenue",
        "kind": "lane"
      },
      "geometry": {
        "type": "LineString",
        "coordinates": [
          [
            -117.2139327,
            32.8698217
          ],
          [
            -117.2139313,
            32.8699454
          ]
        ]
      }
    },
    {
      "type": "Feature",
      "properties": {
        "name": "Genesee Avenue",
        "kind": "lane"
      },
      "geometry": {
        "type": "LineString",
        "coordinates": [
          [
            -117.2139161,
            32.8725181
          ],
          [
            -117.213921,
            32.8726873
          ]
        ]
      }
    },
    {
      "type": "Feature",
      "properties": {
        "name": "Genesee Avenue",
        "kind": "lane"
      },
      "geometry": {
        "type": "LineString",
        "coordinates": [
          [
            -117.2142125,
            32.8726084
          ],
          [
            -117.2142099,
            32.8724483
          ]
        ]
      }
    },
    {
      "type": "Feature",
      "properties": {
        "name": "Genesee Avenue",
        "kind": "lane"
      },
      "geometry": {
        "type": "LineString",
        "coordinates": [
          [
            -117.2141965,
            32.8699429
          ],
          [
            -117.2141973,
            32.869824
          ]
        ]
      }
    },
    {
      "type": "Feature",
      "properties": {
        "name": "Genesee Avenue",
        "kind": "lane"
      },
      "geometry": {
        "type": "LineString",
        "coordinates": [
          [
            -117.2142082,
            32.8733774
          ],
          [
            -117.2142093,
            32.8730374
          ]
        ]
      }
    },
    {
      "type": "Feature",
      "properties": {
        "name": "Genesee Avenue",
        "kind": "lane"
      },
      "geometry": {
        "type": "LineString",
        "coordinates": [
          [
            -117.2141591,
            32.8751182
          ],
          [
            -117.2141597,
            32.8749876
          ],
          [
            -117.2141785,
            32.8745718
          ]
        ]
      }
    },
    {
      "type": "Feature",
      "properties": {
        "name": "Genesee Avenue",
        "kind": "lane"
      },
      "geometry": {
        "type": "LineString",
        "coordinates": [
          [
            -117.2139298,
            32.8745786
          ],
          [
            -117.2139296,
            32.8749513
          ],
          [
            -117.21393,
            32.8749805
          ],
          [
            -117.2139265,
            32.8751127
          ]
        ]
      }
    },
    {
      "type": "Feature",
      "properties": {
        "name": "Genesee Avenue",
        "kind": "lane"
      },
      "geometry": {
        "type": "LineString",
        "coordinates": [
          [
            -117.2142093,
            32.8730374
          ],
          [
            -117.2142116,
            32.8727366
          ],
          [
            -117.2142125,
            32.8726084
          ]
        ]
      }
    },
    {
      "type": "Feature",
      "properties": {
        "name": "Genesee Avenue",
        "kind": "lane"
      },
      "geometry": {
        "type": "LineString",
        "coordinates": [
          [
            -117.2141522,
            32.8755441
          ],
          [
            -117.2141566,
            32.8753017
          ],
          [
            -117.2141563,
            32.8752737
          ],
          [
            -117.2141591,
            32.8751182
          ]
        ]
      }
    },
    {
      "type": "Feature",
      "properties": {
        "name": "Genesee Avenue",
        "kind": "lane"
      },
      "geometry": {
        "type": "LineString",
        "coordinates": [
          [
            -117.2139134,
            32.8717152
          ],
          [
            -117.2139099,
            32.8721854
          ],
          [
            -117.2139095,
            32.8723708
          ],
          [
            -117.2139086,
            32.8724081
          ],
          [
            -117.2139161,
            32.8725181
          ]
        ]
      }
    },
    {
      "type": "Feature",
      "properties": {
        "name": "Genesee Avenue",
        "kind": "lane"
      },
      "geometry": {
        "type": "LineString",
        "coordinates": [
          [
            -117.2141962,
            32.8740342
          ],
          [
            -117.2141959,
            32.8739725
          ],
          [
            -117.2142027,
            32.8736453
          ]
        ]
      }
    },
    {
      "type": "Feature",
      "properties": {
        "name": "Genesee Avenue",
        "kind": "lane"
      },
      "geometry": {
        "type": "LineString",
        "coordinates": [
          [
            -117.2138858,
            32.8770002
          ],
          [
            -117.2138943,
            32.8774516
          ],
          [
            -117.2138964,
            32.8774928
          ],
          [
            -117.2139078,
            32.8776191
          ]
        ]
      }
    },
    {
      "type": "Feature",
      "properties": {
        "name": "Genesee Avenue",
        "kind": "lane"
      },
      "geometry": {
        "type": "LineString",
        "coordinates": [
          [
            -117.2139265,
            32.8751127
          ],
          [
            -117.2139158,
            32.8752776
          ],
          [
            -117.2139029,
            32.8759384
          ],
          [
            -117.2138937,
            32.8764214
          ],
          [
            -117.2138858,
            32.8770002
          ]
        ]
      }
    },
    {
      "type": "Feature",
      "properties": {
        "name": "Genesee Avenue",
        "kind": "lane"
      },
      "geometry": {
        "type": "LineString",
        "coordinates": [
          [
            -117.214147,
            32.8775484
          ],
          [
            -117.2141432,
            32.877402
          ],
          [
            -117.2141425,
            32.8767532
          ],
          [
            -117.2141473,
            32.8762702
          ],
          [
            -117.2141485,
            32.8760808
          ],
          [
            -117.2141522,
            32.8755441
          ]
        ]
      }
    },
    {
      "type": "Feature",
      "properties": {
        "name": "Genesee Avenue",
        "kind": "lane"
      },
      "geometry": {
        "type": "LineString",
        "coordinates": [
          [
            -117.2139211,
            32.8730501
          ],
          [
            -117.2139193,
            32.8736056
          ],
          [
            -117.2139193,
            32.8737108
          ]
        ]
      }
    },
    {
      "type": "Feature",
      "properties": {
        "name": "Genesee Avenue",
        "kind": "lane"
      },
      "geometry": {
        "type": "LineString",
        "coordinates": [
          [
            -117.2143184,
            32.8787283
          ],
          [
            -117.2144109,
            32.8788533
          ],
          [
            -117.214491,
            32.8789506
          ],
          [
            -117.2145607,
            32.8790286
          ],
          [
            -117.2146785,
            32.8791589
          ],
          [
            -117.2148359,
            32.8793061
          ],
          [
            -117.2149761,
            32.8794222
          ],
          [
            -117.2151141,
            32.8795274
          ],
          [
            -117.2151896,
            32.8795801
          ],
          [
            -117.2153033,
            32.8796506
          ],
          [
            -117.2154254,
            32.8797199
          ],
          [
            -117.2156169,
            32.8798155
          ]
        ]
      }
    },
    {
      "type": "Feature",
      "properties": {
        "name": "Genesee Avenue",
        "kind": "track"
      },
      "geometry": {
        "type": "LineString",
        "coordinates": [
          [
            -117.2138588,
            32.8681725
          ],
          [
            -117.2139042,
            32.8684154
          ],
          [
            -117.2139171,
            32.8685727
          ],
          [
            -117.2139222,
            32.8691947
          ]
        ]
      }
    },
    {
      "type": "Feature",
      "properties": {
        "name": "Eastgate Mall",
        "kind": "lane"
      },
      "geometry": {
        "type": "LineString",
        "coordinates": [
          [
            -117.2114732,
            32.878286
          ],
          [
            -117.2112207,
            32.8783541
          ],
          [
            -117.2112035,
            32.8783587
          ],
          [
            -117.2111023,
            32.878386
          ]
        ]
      }
    },
    {
      "type": "Feature",
      "properties": {
        "name": "Eastgate Mall",
        "kind": "lane"
      },
      "geometry": {
        "type": "LineString",
        "coordinates": [
          [
            -117.2111023,
            32.878386
          ],
          [
            -117.2110202,
            32.8784088
          ],
          [
            -117.210992,
            32.8784166
          ],
          [
            -117.2099854,
            32.8786959
          ],
          [
            -117.2097946,
            32.8787513
          ],
          [
            -117.2097504,
            32.8787664
          ]
        ]
      }
    },
    {
      "type": "Feature",
      "properties": {
        "name": "Eastgate Mall",
        "kind": "lane"
      },
      "geometry": {
        "type": "LineString",
        "coordinates": [
          [
            -117.214147,
            32.8775484
          ],
          [
            -117.2139078,
            32.8776191
          ]
        ]
      }
    },
    {
      "type": "Feature",
      "properties": {
        "name": "Eastgate Mall",
        "kind": "lane"
      },
      "geometry": {
        "type": "LineString",
        "coordinates": [
          [
            -117.2139078,
            32.8776191
          ],
          [
            -117.213818,
            32.8776483
          ],
          [
            -117.2137706,
            32.8776616
          ],
          [
            -117.2132756,
            32.8778009
          ]
        ]
      }
    },
    {
      "type": "Feature",
      "properties": {
        "name": "Eastgate Mall",
        "kind": "track"
      },
      "geometry": {
        "type": "LineString",
        "coordinates": [
          [
            -117.2147977,
            32.8773887
          ],
          [
            -117.2146782,
            32.8774169
          ],
          [
            -117.2143358,
            32.8774984
          ],
          [
            -117.2142895,
            32.8775089
          ],
          [
            -117.214147,
            32.8775484
          ]
        ]
      }
    },
    {
      "type": "Feature",
      "properties": {
        "name": "Genesee Avenue",
        "kind": "lane"
      },
      "geometry": {
        "type": "LineString",
        "coordinates": [
          [
            -117.213921,
            32.8726873
          ],
          [
            -117.2139222,
            32.8727689
          ],
          [
            -117.2139211,
            32.8730501
          ]
        ]
      }
    },
    {
      "type": "Feature",
      "properties": {
        "name": "Genesee Avenue",
        "kind": "lane"
      },
      "geometry": {
        "type": "LineString",
        "coordinates": [
          [
            -117.2139193,
            32.8737108
          ],
          [
            -117.2139252,
            32.873886
          ],
          [
            -117.2139296,
            32.8740174
          ],
          [
            -117.21393,
            32.8740642
          ]
        ]
      }
    },
    {
      "type": "Feature",
      "properties": {
        "name": "Genesee Avenue",
        "kind": "lane"
      },
      "geometry": {
        "type": "LineString",
        "coordinates": [
          [
            -117.2141785,
            32.8745718
          ],
          [
            -117.2141911,
            32.8741893
          ],
          [
            -117.2141962,
            32.8740342
          ]
        ]
      }
    },
    {
      "type": "Feature",
      "properties": {
        "name": "Eastgate Mall",
        "kind": "lane"
      },
      "geometry": {
        "type": "LineString",
        "coordinates": [
          [
            -117.2120858,
            32.8781188
          ],
          [
            -117.2118454,
            32.8781859
          ],
          [
            -117.2114732,
            32.878286
          ]
        ]
      }
    },
    {
      "type": "Feature",
      "properties": {
        "name": "Genesee Avenue",
        "kind": "lane"
      },
      "geometry": {
        "type": "LineString",
        "coordinates": [
          [
            -117.2156169,
            32.8798155
          ],
          [
            -117.2160211,
            32.8800103
          ],
          [
            -117.2164554,
            32.8802137
          ],
          [
            -117.2169069,
            32.8804167
          ]
        ]
      }
    },
    {
      "type": "Feature",
      "properties": {
        "name": "Genesee Avenue",
        "kind": "lane"
      },
      "geometry": {
        "type": "LineString",
        "coordinates": [
          [
            -117.2169069,
            32.8804167
          ],
          [
            -117.2173342,
            32.8806181
          ]
        ]
      }
    },
    {
      "type": "Feature",
      "properties": {
        "name": "Genesee Avenue",
        "kind": "lane"
      },
      "geometry": {
        "type": "LineString",
        "coordinates": [
          [
            -117.2141973,
            32.869824
          ],
          [
            -117.2141977,
            32.8697627
          ],
          [
            -117.2141736,
            32.8688834
          ]
        ]
      }
    },
    {
      "type": "Feature",
      "properties": {
        "name": "Genesee Avenue",
        "kind": "lane"
      },
      "geometry": {
        "type": "LineString",
        "coordinates": [
          [
            -117.2139206,
            32.8710474
          ],
          [
            -117.2139166,
            32.8714779
          ],
          [
            -117.2139134,
            32.8717152
          ]
        ]
      }
    },
    {
      "type": "Feature",
      "properties": {
        "name": "Genesee Avenue",
        "kind": "lane"
      },
      "geometry": {
        "type": "LineString",
        "coordinates": [
          [
            -117.2142027,
            32.8736453
          ],
          [
            -117.2142082,
            32.8733774
          ]
        ]
      }
    },
    {
      "type": "Feature",
      "properties": {
        "name": "Genesee Avenue",
        "kind": "lane"
      },
      "geometry": {
        "type": "LineString",
        "coordinates": [
          [
            -117.21393,
            32.8740642
          ],
          [
            -117.2139298,
            32.8745786
          ]
        ]
      }
    },
    {
      "type": "Feature",
      "properties": {
        "name": "Genesee Avenue",
        "kind": "lane"
      },
      "geometry": {
        "type": "LineString",
        "coordinates": [
          [
            -117.2148919,
            32.8790203
          ],
          [
            -117.2146776,
            32.8788013
          ],
          [
            -117.2145366,
            32.87862
          ],
          [
            -117.2144428,
            32.8784527
          ],
          [
            -117.2143428,
            32.8782608
          ],
          [
            -117.2142798,
            32.8781018
          ],
          [
            -117.2142101,
            32.8778798
          ],
          [
            -117.2141738,
            32.8777246
          ],
          [
            -117.2141656,
            32.8776881
          ],
          [
            -117.214147,
            32.8775484
          ]
        ]
      }
    },
    {
      "type": "Feature",
      "properties": {
        "name": "Linda Vista Road",
        "kind": "lane"
      },
      "geometry": {
        "type": "LineString",
        "coordinates": [
          [
            -117.1675615,
            32.789955
          ],
          [
            -117.1676261,
            32.7898856
          ],
          [
            -117.1677133,
            32.7897996
          ]
        ]
      }
    },
    {
      "type": "Feature",
      "properties": {
        "name": "Genesee Avenue",
        "kind": "lane"
      },
      "geometry": {
        "type": "LineString",
        "coordinates": [
          [
            -117.1703383,
            32.7937771
          ],
          [
            -117.170316,
            32.7936804
          ],
          [
            -117.1701806,
            32.79359
          ],
          [
            -117.1698626,
            32.793421
          ],
          [
            -117.1694701,
            32.7932296
          ],
          [
            -117.1693138,
            32.7931597
          ]
        ]
      }
    },
    {
      "type": "Feature",
      "properties": {
        "name": "Genesee Avenue",
        "kind": "lane"
      },
      "geometry": {
        "type": "LineString",
        "coordinates": [
          [
            -117.1659021,
            32.7916544
          ],
          [
            -117.1659781,
            32.7916847
          ],
          [
            -117.1671806,
            32.7922634
          ],
          [
            -117.1676278,
            32.7924806
          ],
          [
            -117.168342,
            32.7928271
          ],
          [
            -117.1688765,
            32.7930786
          ]
        ]
      }
    },
    {
      "type": "Feature",
      "properties": {
        "name": "Genesee Avenue",
        "kind": "lane"
      },
      "geometry": {
        "type": "LineString",
        "coordinates": [
          [
            -117.1693138,
            32.7931597
          ],
          [
            -117.1692376,
            32.7931226
          ]
        ]
      }
    },
    {
      "type": "Feature",
      "properties": {
        "name": "Genesee Avenue",
        "kind": "lane"
      },
      "geometry": {
        "type": "LineString",
        "coordinates": [
          [
            -117.1689299,
            32.7929728
          ],
          [
            -117.1677263,
            32.7923759
          ],
          [
            -117.1666314,
            32.791833
          ]
        ]
      }
    },
    {
      "type": "Feature",
      "properties": {
        "name": "Genesee Avenue",
        "kind": "lane"
      },
      "geometry": {
        "type": "LineString",
        "coordinates": [
          [
            -117.1696295,
            32.7934427
          ],
          [
            -117.1701364,
            32.7937065
          ],
          [
            -117.170228,
            32.7937723
          ],
          [
            -117.1703383,
            32.7937771
          ]
        ]
      }
    },
    {
      "type": "Feature",
      "properties": {
        "name": "Genesee Avenue",
        "kind": "lane"
      },
      "geometry": {
        "type": "LineString",
        "coordinates": [
          [
            -117.1703383,
            32.7937771
          ],
          [
            -117.170422,
            32.7938175
          ],
          [
            -117.1705446,
            32.7939171
          ],
          [
            -117.170772,
            32.794147
          ]
        ]
      }
    },
    {
      "type": "Feature",
      "properties": {
        "name": "Genesee Avenue",
        "kind": "lane"
      },
      "geometry": {
        "type": "LineString",
        "coordinates": [
          [
            -117.1717267,
            32.7979914
          ],
          [
            -117.1718151,
            32.7983152
          ],
          [
            -117.171937,
            32.7986257
          ],
          [
            -117.1720572,
            32.7989243
          ],
          [
            -117.1721456,
            32.7991233
          ],
          [
            -117.1723877,
            32.7994694
          ],
          [
            -117.173213,
            32.8006058
          ],
          [
            -117.1734904,
            32.8010203
          ],
          [
            -117.1736318,
            32.8013352
          ],
          [
            -117.1739446,
            32.8022918
          ],
          [
            -117.1740636,
            32.8026428
          ],
          [
            -117.1741866,
            32.8030094
          ],
          [
            -117.174268,
            32.8032332
          ],
          [
            -117.1743883,
            32.8035076
          ],
          [
            -117.1745083,
            32.8037534
          ],
          [
            -117.1745596,
            32.8038343
          ]
        ]
      }
    },
    {
      "type": "Feature",
      "properties": {
        "name": "Genesee Avenue",
        "kind": "lane"
      },
      "geometry": {
        "type": "LineString",
        "coordinates": [
          [
            -117.171682,
            32.7976335
          ],
          [
            -117.1717267,
            32.7979914
          ]
        ]
      }
    },
    {
      "type": "Feature",
      "properties": {
        "name": "Genesee Avenue",
        "kind": "lane"
      },
      "geometry": {
        "type": "LineString",
        "coordinates": [
          [
            -117.1716186,
            32.7970742
          ],
          [
            -117.1716257,
            32.797145
          ],
          [
            -117.1716631,
            32.7974025
          ],
          [
            -117.1716771,
            32.7974792
          ],
          [
            -117.171682,
            32.7976335
          ]
        ]
      }
    },
    {
      "type": "Feature",
      "properties": {
        "name": "Genesee Avenue",
        "kind": "lane"
      },
      "geometry": {
        "type": "LineString",
        "coordinates": [
          [
            -117.170772,
            32.794147
          ],
          [
            -117.1710714,
            32.7945677
          ],
          [
            -117.1712702,
            32.7949491
          ],
          [
            -117.1713988,
            32.7953482
          ],
          [
            -117.1715321,
            32.7964176
          ],
          [
            -117.1716186,
            32.7970742
          ]
        ]
      }
    },
    {
      "type": "Feature",
      "properties": {
        "name": "Genesee Avenue",
        "kind": "lane"
      },
      "geometry": {
        "type": "LineString",
        "coordinates": [
          [
            -117.1692376,
            32.7931226
          ],
          [
            -117.1689299,
            32.7929728
          ]
        ]
      }
    },
    {
      "type": "Feature",
      "properties": {
        "name": "Linda Vista Road",
        "kind": "lane"
      },
      "geometry": {
        "type": "LineString",
        "coordinates": [
          [
            -117.1680948,
            32.7892247
          ],
          [
            -117.167549,
            32.7897819
          ],
          [
            -117.1675184,
            32.7898131
          ],
          [
            -117.1674505,
            32.7898814
          ]
        ]
      }
    },
    {
      "type": "Feature",
      "properties": {
        "name": "Linda Vista Road",
        "kind": "lane"
      },
      "geometry": {
        "type": "LineString",
        "coordinates": [
          [
            -117.1671423,
            32.7903823
          ],
          [
            -117.1674774,
            32.7900404
          ],
          [
            -117.1674991,
            32.7900183
          ],
          [
            -117.1675615,
            32.789955
          ]
        ]
      }
    },
    {
      "type": "Feature",
      "properties": {
        "name": "Linda Vista Road",
        "kind": "lane"
      },
      "geometry": {
        "type": "LineString",
        "coordinates": [
          [
            -117.1674505,
            32.7898814
          ],
          [
            -117.1673879,
            32.7899418
          ],
          [
            -117.1667783,
            32.7905648
          ],
          [
            -117.166526,
            32.7908297
          ],
          [
            -117.1664706,
            32.7908875
          ]
        ]
      }
    },
    {
      "type": "Feature",
      "properties": {
        "name": "Genesee Avenue",
        "kind": "lane"
      },
      "geometry": {
        "type": "LineString",
        "coordinates": [
          [
            -117.1688765,
            32.7930786
          ],
          [
            -117.1696295,
            32.7934427
          ]
        ]
      }
    },
    {
      "type": "Feature",
      "properties": {
        "name": "Linda Vista Road",
        "kind": "lane"
      },
      "geometry": {
        "type": "LineString",
        "coordinates": [
          [
            -117.1677133,
            32.7897996
          ],
          [
            -117.1679965,
            32.7895071
          ],
          [
            -117.1681275,
            32.7893717
          ],
          [
            -117.1683169,
            32.7891757
          ],
          [
            -117.1684334,
            32.7890531
          ]
        ]
      }
    },
    {
      "type": "Feature",
      "properties": {
        "name": "Genesee Avenue",
        "kind": "lane"
      },
      "geometry": {
        "type": "LineString",
        "coordinates": [
          [
            -117.2005388,
            32.8454119
          ],
          [
            -117.2008636,
            32.8456931
          ],
          [
            -117.2029764,
            32.84748
          ],
          [
            -117.2032071,
            32.8477036
          ]
        ]
      }
    },
    {
      "type": "Feature",
      "properties": {
        "name": "Governor Drive",
        "kind": "lane"
      },
      "geometry": {
        "type": "LineString",
        "coordinates": [
          [
            -117.2030733,
            32.8546171
          ],
          [
            -117.2029195,
            32.8546205
          ]
        ]
      }
    },
    {
      "type": "Feature",
      "properties": {
        "name": "Governor Drive",
        "kind": "lane"
      },
      "geometry": {
        "type": "LineString",
        "coordinates": [
          [
            -117.201391,
            32.8544905
          ],
          [
            -117.2012796,
            32.8543975
          ],
          [
            -117.2012393,
            32.8543885
          ]
        ]
      }
    },
    {
      "type": "Feature",
      "properties": {
        "name": "Governor Drive",
        "kind": "lane"
      },
      "geometry": {
        "type": "LineString",
        "coordinates": [
          [
            -117.2000697,
            32.8540841
          ],
          [
            -117.2001083,
            32.8541657
          ],
          [
            -117.2003293,
            32.8542537
          ],
          [
            -117.2006477,
            32.8543584
          ],
          [
            -117.2009897,
            32.8544569
          ],
          [
            -117.2012397,
            32.8545149
          ],
          [
            -117.201391,
            32.8544905
          ]
        ]
      }
    },
    {
      "type": "Feature",
      "properties": {
        "name": "Genesee Avenue",
        "kind": "lane"
      },
      "geometry": {
        "type": "LineString",
        "coordinates": [
          [
            -117.2044926,
            32.8545454
          ],
          [
            -117.2045267,
            32.8546697
          ]
        ]
      }
    },
    {
      "type": "Feature",
      "properties": {
        "name": "Genesee Avenue",
        "kind": "lane"
      },
      "geometry": {
        "type": "LineString",
        "coordinates": [
          [
            -117.2045131,
            32.854075
          ],
          [
            -117.204482,
            32.8539759
          ],
          [
            -117.2044407,
            32.8538477
          ],
          [
            -117.204243,
            32.8531764
          ],
          [
            -117.2039792,
            32.8522796
          ]
        ]
      }
    },
    {
      "type": "Feature",
      "properties": {
        "name": "Genesee Avenue",
        "kind": "lane"
      },
      "geometry": {
        "type": "LineString",
        "coordinates": [
          [
            -117.2047002,
            32.8546715
          ],
          [
            -117.2046629,
            32.8545435
          ]
        ]
      }
    },
    {
      "type": "Feature",
      "properties": {
        "name": "Genesee Avenue",
        "kind": "lane"
      },
      "geometry": {
        "type": "LineString",
        "coordinates": [
          [
            -117.2041112,
            32.8501625
          ],
          [
            -117.2041421,
            32.8497737
          ]
        ]
      }
    },
    {
      "type": "Feature",
      "properties": {
        "name": "Genesee Avenue",
        "kind": "lane"
      },
      "geometry": {
        "type": "LineString",
        "coordinates": [
          [
            -117.2041635,
            32.8496081
          ],
          [
            -117.2041635,
            32.849207
          ],
          [
            -117.2041098,
            32.8489366
          ],
          [
            -117.2040508,
            32.8486887
          ],
          [
            -117.2039703,
            32.8484904
          ],
          [
            -117.2039274,
            32.8484138
          ],
          [
            -117.2038952,
            32.8483642
          ]
        ]
      }
    },
    {
      "type": "Feature",
      "properties": {
        "name": "Genesee Avenue",
        "kind": "lane"
      },
      "geometry": {
        "type": "LineString",
        "coordinates": [
          [
            -117.2039925,
            32.8497512
          ],
          [
            -117.2039446,
            32.8501291
          ]
        ]
      }
    },
    {
      "type": "Feature",
      "properties": {
        "name": "Genesee Avenue",
        "kind": "lane"
      },
      "geometry": {
        "type": "LineString",
        "coordinates": [
          [
            -117.2037872,
            32.8518
          ],
          [
            -117.2038148,
            32.8521182
          ],
          [
            -117.2038489,
            32.8522993
          ]
        ]
      }
    },
    {
      "type": "Feature",
      "properties": {
        "name": "Genesee Avenue",
        "kind": "lane"
      },
      "geometry": {
        "type": "LineString",
        "coordinates": [
          [
            -117.2048217,
            32.8550887
          ],
          [
            -117.2047371,
            32.854794
          ],
          [
            -117.2047296,
            32.8547619
          ],
          [
            -117.2047002,
            32.8546715
          ]
        ]
      }
    },
    {
      "type": "Feature",
      "properties": {
        "name": "Genesee Avenue",
        "kind": "lane"
      },
      "geometry": {
        "type": "LineString",
        "coordinates": [
          [
            -117.204939,
            32.8554906
          ],
          [
            -117.2048217,
            32.8550887
          ]
        ]
      }
    },
    {
      "type": "Feature",
      "properties": {
        "name": "Genesee Avenue",
        "kind": "lane"
      },
      "geometry": {
        "type": "LineString",
        "coordinates": [
          [
            -117.2038489,
            32.8522993
          ],
          [
            -117.2040241,
            32.8529592
          ],
          [
            -117.2043466,
            32.8540653
          ]
        ]
      }
    },
    {
      "type": "Feature",
      "properties": {
        "name": "Genesee Avenue",
        "kind": "lane"
      },
      "geometry": {
        "type": "LineString",
        "coordinates": [
          [
            -117.2043466,
            32.8540653
          ],
          [
            -117.2044412,
            32.8543629
          ],
          [
            -117.204467,
            32.8544466
          ],
          [
            -117.2044767,
            32.8544777
          ],
          [
            -117.2044926,
            32.8545454
          ]
        ]
      }
    },
    {
      "type": "Feature",
      "properties": {
        "name": "Genesee Avenue",
        "kind": "lane"
      },
      "geometry": {
        "type": "LineString",
        "coordinates": [
          [
            -117.2039446,
            32.8501291
          ],
          [
            -117.2039328,
            32.8502255
          ],
          [
            -117.2038738,
            32.8508249
          ],
          [
            -117.2037826,
            32.8516225
          ],
          [
            -117.2037872,
            32.8518
          ]
        ]
      }
    },
    {
      "type": "Feature",
      "properties": {
        "name": "Genesee Avenue",
        "kind": "lane"
      },
      "geometry": {
        "type": "LineString",
        "coordinates": [
          [
            -117.2032071,
            32.8477036
          ],
          [
            -117.2033159,
            32.8478378
          ],
          [
            -117.2034446,
            32.8480172
          ],
          [
            -117.203627,
            32.8482696
          ],
          [
            -117.2037084,
            32.8484158
          ]
        ]
      }
    },
    {
      "type": "Feature",
      "properties": {
        "name": "Genesee Avenue",
        "kind": "lane"
      },
      "geometry": {
        "type": "LineString",
        "coordinates": [
          [
            -117.2037084,
            32.8484158
          ],
          [
            -117.2037826,
            32.848549
          ],
          [
            -117.2039167,
            32.8488825
          ],
          [
            -117.2039542,
            32.8491349
          ],
          [
            -117.2039918,
            32.8494008
          ],
          [
            -117.2039925,
            32.8497512
          ]
        ]
      }
    },
    {
      "type": "Feature",
      "properties": {
        "name": "Governor Drive",
        "kind": "lane"
      },
      "geometry": {
        "type": "LineString",
        "coordinates": [
          [
            -117.2030733,
            32.8546171
          ],
          [
            -117.2031486,
            32.8546782
          ],
          [
            -117.2035242,
            32.8546782
          ]
        ]
      }
    },
    {
      "type": "Feature",
      "properties": {
        "name": "Governor Drive",
        "kind": "lane"
      },
      "geometry": {
        "type": "LineString",
        "coordinates": [
          [
            -117.2018576,
            32.8545628
          ],
          [
            -117.2015638,
            32.8545173
          ],
          [
            -117.2015386,
            32.8545134
          ],
          [
            -117.2015099,
            32.8545088
          ],
          [
            -117.201391,
            32.8544905
          ]
        ]
      }
    },
    {
      "type": "Feature",
      "properties": {
        "name": "Governor Drive",
        "kind": "lane"
      },
      "geometry": {
        "type": "LineString",
        "coordinates": [
          [
            -117.2012393,
            32.8543885
          ],
          [
            -117.201035,
            32.8543425
          ],
          [
            -117.2006923,
            32.8542538
          ],
          [
            -117.200517,
            32.8541974
          ],
          [
            -117.2002655,
            32.8541092
          ],
          [
            -117.2001758,
            32.854075
          ],
          [
            -117.2000697,
            32.8540841
          ]
        ]
      }
    },
    {
      "type": "Feature",
      "properties": {
        "name": "Genesee Avenue",
        "kind": "lane"
      },
      "geometry": {
        "type": "LineString",
        "coordinates": [
          [
            -117.2039792,
            32.8522796
          ],
          [
            -117.2039385,
            32.851984
          ],
          [
            -117.2039314,
            32.8517982
          ],
          [
            -117.2039395,
            32.851566
          ],
          [
            -117.2041112,
            32.8501625
          ]
        ]
      }
    },
    {
      "type": "Feature",
      "properties": {
        "name": "Genesee Avenue",
        "kind": "lane"
      },
      "geometry": {
        "type": "LineString",
        "coordinates": [
          [
            -117.2038952,
            32.8483642
          ],
          [
            -117.2036778,
            32.8479978
          ],
          [
            -117.203391,
            32.8476792
          ],
          [
            -117.2031657,
            32.8474539
          ],
          [
            -117.2011447,
            32.8457419
          ]
        ]
      }
    },
    {
      "type": "Feature",
      "properties": {
        "name": "Genesee Avenue",
        "kind": "lane"
      },
      "geometry": {
        "type": "LineString",
        "coordinates": [
          [
            -117.2041421,
            32.8497737
          ],
          [
            -117.2041635,
            32.8496081
          ]
        ]
      }
    },
    {
      "type": "Feature",
      "properties": {
        "name": "Governor Drive",
        "kind": "lane"
      },
      "geometry": {
        "type": "LineString",
        "coordinates": [
          [
            -117.2035242,
            32.8546782
          ],
          [
            -117.2039912,
            32.8546768
          ]
        ]
      }
    },
    {
      "type": "Feature",
      "properties": {
        "name": "Governor Drive",
        "kind": "lane"
      },
      "geometry": {
        "type": "LineString",
        "coordinates": [
          [
            -117.2029195,
            32.8546205
          ],
          [
            -117.20257,
            32.8546145
          ]
        ]
      }
    },
    {
      "type": "Feature",
      "properties": {
        "name": "Governor Drive",
        "kind": "lane"
      },
      "geometry": {
        "type": "LineString",
        "coordinates": [
          [
            -117.2024339,
            32.8546081
          ],
          [
            -117.2018576,
            32.8545628
          ]
        ]
      }
    },
    {
      "type": "Feature",
      "properties": {
        "name": "Governor Drive",
        "kind": "lane"
      },
      "geometry": {
        "type": "LineString",
        "coordinates": [
          [
            -117.20257,
            32.8546145
          ],
          [
            -117.2024339,
            32.8546081
          ]
        ]
      }
    },
    {
      "type": "Feature",
      "properties": {
        "name": "Balboa Avenue",
        "kind": "lane"
      },
      "geometry": {
        "type": "LineString",
        "coordinates": [
          [
            -117.1817993,
            32.8193053
          ],
          [
            -117.181702,
            32.8193404
          ],
          [
            -117.181035,
            32.8195605
          ],
          [
            -117.1808629,
            32.8196209
          ],
          [
            -117.1806298,
            32.8197027
          ]
        ]
      }
    },
    {
      "type": "Feature",
      "properties": {
        "name": "Genesee Avenue",
        "kind": "lane"
      },
      "geometry": {
        "type": "LineString",
        "coordinates": [
          [
            -117.1818742,
            32.8194405
          ],
          [
            -117.1819161,
            32.8195232
          ],
          [
            -117.1824258,
            32.8205207
          ],
          [
            -117.182616,
            32.8208927
          ]
        ]
      }
    },
    {
      "type": "Feature",
      "properties": {
        "name": "Genesee Avenue",
        "kind": "lane"
      },
      "geometry": {
        "type": "LineString",
        "coordinates": [
          [
            -117.180762,
            32.8172831
          ],
          [
            -117.1808192,
            32.8173967
          ],
          [
            -117.1809384,
            32.8176309
          ],
          [
            -117.1810769,
            32.8179039
          ]
        ]
      }
    },
    {
      "type": "Feature",
      "properties": {
        "name": "Genesee Avenue",
        "kind": "lane"
      },
      "geometry": {
        "type": "LineString",
        "coordinates": [
          [
            -117.1877857,
            32.8250421
          ],
          [
            -117.1875852,
            32.8249451
          ],
          [
            -117.1857637,
            32.8240951
          ],
          [
            -117.1854072,
            32.8239117
          ],
          [
            -117.1849722,
            32.8236349
          ],
          [
            -117.1846966,
            32.8234194
          ],
          [
            -117.1845019,
            32.8232436
          ]
        ]
      }
    },
    {
      "type": "Feature",
      "properties": {
        "name": "Genesee Avenue",
        "kind": "lane"
      },
      "geometry": {
        "type": "LineString",
        "coordinates": [
          [
            -117.1877084,
            32.825166
          ],
          [
            -117.1879937,
            32.825305
          ],
          [
            -117.1880777,
            32.825346
          ],
          [
            -117.1898695,
            32.8261907
          ]
        ]
      }
    },
    {
      "type": "Feature",
      "properties": {
        "name": "Genesee Avenue",
        "kind": "lane"
      },
      "geometry": {
        "type": "LineString",
        "coordinates": [
          [
            -117.1870883,
            32.8248687
          ],
          [
            -117.1877084,
            32.825166
          ]
        ]
      }
    },
    {
      "type": "Feature",
      "properties": {
        "name": "Genesee Avenue",
        "kind": "lane"
      },
      "geometry": {
        "type": "LineString",
        "coordinates": [
          [
            -117.1844718,
            32.8234276
          ],
          [
            -117.1845828,
            32.8235249
          ],
          [
            -117.1847733,
            32.8236714
          ],
          [
            -117.1850307,
            32.8238336
          ],
          [
            -117.1852319,
            32.8239599
          ],
          [
            -117.1854384,
            32.8240726
          ],
          [
            -117.1856718,
            32.8241943
          ],
          [
            -117.1860044,
            32.8243588
          ],
          [
            -117.1869968,
            32.8248299
          ],
          [
            -117.1870883,
            32.8248687
          ]
        ]
      }
    },
    {
      "type": "Feature",
      "properties": {
        "name": "Genesee Avenue",
        "kind": "lane"
      },
      "geometry": {
        "type": "LineString",
        "coordinates": [
          [
            -117.1839648,
            32.8229531
          ],
          [
            -117.1840386,
            32.8230336
          ],
          [
            -117.1841027,
            32.8231034
          ],
          [
            -117.1843924,
            32.8233581
          ]
        ]
      }
    },
    {
      "type": "Feature",
      "properties": {
        "name": "Genesee Avenue",
        "kind": "lane"
      },
      "geometry": {
        "type": "LineString",
        "coordinates": [
          [
            -117.1843924,
            32.8233581
          ],
          [
            -117.1844718,
            32.8234276
          ]
        ]
      }
    },
    {
      "type": "Feature",
      "properties": {
        "name": "Genesee Avenue",
        "kind": "lane"
      },
      "geometry": {
        "type": "LineString",
        "coordinates": [
          [
            -117.1845019,
            32.8232436
          ],
          [
            -117.1844053,
            32.8231535
          ],
          [
            -117.1842003,
            32.822955
          ],
          [
            -117.1841792,
            32.8229415
          ],
          [
            -117.1841059,
            32.8228597
          ]
        ]
      }
    },
    {
      "type": "Feature",
      "properties": {
        "name": "Genesee Avenue",
        "kind": "lane"
      },
      "geometry": {
        "type": "LineString",
        "coordinates": [
          [
            -117.1841059,
            32.8228597
          ],
          [
            -117.1840569,
            32.8228
          ],
          [
            -117.1838498,
            32.8225618
          ],
          [
            -117.183508,
            32.8221297
          ]
        ]
      }
    },
    {
      "type": "Feature",
      "properties": {
        "name": "Genesee Avenue",
        "kind": "lane"
      },
      "geometry": {
        "type": "LineString",
        "coordinates": [
          [
            -117.183508,
            32.8221297
          ],
          [
            -117.183443,
            32.8220267
          ],
          [
            -117.1833242,
            32.8218411
          ],
          [
            -117.1831954,
            32.8216208
          ]
        ]
      }
    },
    {
      "type": "Feature",
      "properties": {
        "name": "Genesee Avenue",
        "kind": "lane"
      },
      "geometry": {
        "type": "LineString",
        "coordinates": [
          [
            -117.1830417,
            32.8213508
          ],
          [
            -117.1829987,
            32.821275
          ],
          [
            -117.182919,
            32.8211224
          ],
          [
            -117.1826303,
            32.8205685
          ],
          [
            -117.18261,
            32.8205297
          ]
        ]
      }
    },
    {
      "type": "Feature",
      "properties": {
        "name": "Genesee Avenue",
        "kind": "lane"
      },
      "geometry": {
        "type": "LineString",
        "coordinates": [
          [
            -117.1831954,
            32.8216208
          ],
          [
            -117.1830966,
            32.82145
          ],
          [
            -117.1830846,
            32.8214293
          ],
          [
            -117.1830417,
            32.8213508
          ]
        ]
      }
    },
    {
      "type": "Feature",
      "properties": {
        "name": "Genesee Avenue",
        "kind": "lane"
      },
      "geometry": {
        "type": "LineString",
        "coordinates": [
          [
            -117.1828889,
            32.8214073
          ],
          [
            -117.1829282,
            32.821485
          ],
          [
            -117.1830329,
            32.82169
          ],
          [
            -117.1831232,
            32.8218687
          ],
          [
            -117.1833705,
            32.8222491
          ],
          [
            -117.1834529,
            32.8223567
          ]
        ]
      }
    },
    {
      "type": "Feature",
      "properties": {
        "name": "Genesee Avenue",
        "kind": "lane"
      },
      "geometry": {
        "type": "LineString",
        "coordinates": [
          [
            -117.1835563,
            32.8224908
          ],
          [
            -117.1836226,
            32.8225759
          ],
          [
            -117.1836842,
            32.8226435
          ],
          [
            -117.1837916,
            32.8227608
          ],
          [
            -117.1839066,
            32.8228885
          ],
          [
            -117.1839109,
            32.8228933
          ],
          [
            -117.1839648,
            32.8229531
          ]
        ]
      }
    },
    {
      "type": "Feature",
      "properties": {
        "name": "Genesee Avenue",
        "kind": "lane"
      },
      "geometry": {
        "type": "LineString",
        "coordinates": [
          [
            -117.18261,
            32.8205297
          ],
          [
            -117.1824813,
            32.820279
          ],
          [
            -117.1823833,
            32.8200864
          ]
        ]
      }
    },
    {
      "type": "Feature",
      "properties": {
        "name": "Genesee Avenue",
        "kind": "lane"
      },
      "geometry": {
        "type": "LineString",
        "coordinates": [
          [
            -117.182616,
            32.8208927
          ],
          [
            -117.1827348,
            32.8211198
          ],
          [
            -117.1827691,
            32.8211837
          ],
          [
            -117.1828401,
            32.8213162
          ],
          [
            -117.1828477,
            32.8213303
          ],
          [
            -117.1828889,
            32.8214073
          ]
        ]
      }
    },
    {
      "type": "Feature",
      "properties": {
        "name": "Genesee Avenue",
        "kind": "lane"
      },
      "geometry": {
        "type": "LineString",
        "coordinates": [
          [
            -117.1823833,
            32.8200864
          ],
          [
            -117.1820821,
            32.819484
          ],
          [
            -117.1820733,
            32.8194663
          ],
          [
            -117.1820262,
            32.8193842
          ]
        ]
      }
    },
    {
      "type": "Feature",
      "properties": {
        "name": "Genesee Avenue",
        "kind": "lane"
      },
      "geometry": {
        "type": "LineString",
        "coordinates": [
          [
            -117.1820262,
            32.8193842
          ],
          [
            -117.181962,
            32.8192556
          ]
        ]
      }
    },
    {
      "type": "Feature",
      "properties": {
        "name": "Genesee Avenue",
        "kind": "lane"
      },
      "geometry": {
        "type": "LineString",
        "coordinates": [
          [
            -117.181962,
            32.8192556
          ],
          [
            -117.1819124,
            32.8191638
          ],
          [
            -117.1818887,
            32.8191177
          ]
        ]
      }
    },
    {
      "type": "Feature",
      "properties": {
        "name": "Genesee Avenue",
        "kind": "lane"
      },
      "geometry": {
        "type": "LineString",
        "coordinates": [
          [
            -117.1817993,
            32.8193053
          ],
          [
            -117.1818742,
            32.8194405
          ]
        ]
      }
    },
    {
      "type": "Feature",
      "properties": {
        "name": "Balboa Avenue",
        "kind": "lane"
      },
      "geometry": {
        "type": "LineString",
        "coordinates": [
          [
            -117.181962,
            32.8192556
          ],
          [
            -117.1817993,
            32.8193053
          ]
        ]
      }
    },
    {
      "type": "Feature",
      "properties": {
        "name": "Balboa Avenue",
        "kind": "lane"
      },
      "geometry": {
        "type": "LineString",
        "coordinates": [
          [
            -117.1818742,
            32.8194405
          ],
          [
            -117.1820262,
            32.8193842
          ]
        ]
      }
    },
    {
      "type": "Feature",
      "properties": {
        "name": "Balboa Avenue",
        "kind": "lane"
      },
      "geometry": {
        "type": "LineString",
        "coordinates": [
          [
            -117.1820262,
            32.8193842
          ],
          [
            -117.1821513,
            32.8193388
          ],
          [
            -117.1822031,
            32.8193186
          ],
          [
            -117.1827801,
            32.8191083
          ]
        ]
      }
    },
    {
      "type": "Feature",
      "properties": {
        "name": "Genesee Avenue",
        "kind": "lane"
      },
      "geometry": {
        "type": "LineString",
        "coordinates": [
          [
            -117.1812092,
            32.81781
          ],
          [
            -117.1811054,
            32.8176102
          ]
        ]
      }
    },
    {
      "type": "Feature",
      "properties": {
        "name": "Genesee Avenue",
        "kind": "lane"
      },
      "geometry": {
        "type": "LineString",
        "coordinates": [
          [
            -117.1809077,
            32.8172298
          ],
          [
            -117.1808677,
            32.8171509
          ],
          [
            -117.1804195,
            32.8162515
          ],
          [
            -117.1803599,
            32.8161351
          ]
        ]
      }
    },
    {
      "type": "Feature",
      "properties": {
        "name": "Genesee Avenue",
        "kind": "lane"
      },
      "geometry": {
        "type": "LineString",
        "coordinates": [
          [
            -117.1811054,
            32.8176102
          ],
          [
            -117.1809735,
            32.8173566
          ],
          [
            -117.1809634,
            32.8173372
          ],
          [
            -117.1809077,
            32.8172298
          ]
        ]
      }
    },
    {
      "type": "Feature",
      "properties": {
        "name": "Balboa Avenue",
        "kind": "lane"
      },
      "geometry": {
        "type": "LineString",
        "coordinates": [
          [
            -117.1854547,
            32.8181005
          ],
          [
            -117.1855628,
            32.8180618
          ],
          [
            -117.1857087,
            32.8180099
          ],
          [
            -117.1857595,
            32.8179917
          ]
        ]
      }
    },
    {
      "type": "Feature",
      "properties": {
        "name": "Balboa Avenue",
        "kind": "lane"
      },
      "geometry": {
        "type": "LineString",
        "coordinates": [
          [
            -117.1853964,
            32.8179864
          ],
          [
            -117.1853089,
            32.8180181
          ],
          [
            -117.1850445,
            32.8181138
          ],
          [
            -117.1845296,
            32.8183163
          ]
        ]
      }
    },
    {
      "type": "Feature",
      "properties": {
        "name": "Balboa Avenue",
        "kind": "lane"
      },
      "geometry": {
        "type": "LineString",
        "coordinates": [
          [
            -117.1883415,
            32.816906
          ],
          [
            -117.1878158,
            32.8170984
          ],
          [
            -117.1872689,
            32.8172909
          ],
          [
            -117.1864043,
            32.8176232
          ],
          [
            -117.1859578,
            32.8177837
          ]
        ]
      }
    },
    {
      "type": "Feature",
      "properties": {
        "name": "Genesee Avenue",
        "kind": "lane"
      },
      "geometry": {
        "type": "LineString",
        "coordinates": [
          [
            -117.1792126,
            32.8142029
          ],
          [
            -117.1792621,
            32.8142986
          ],
          [
            -117.1795108,
            32.814779
          ],
          [
            -117.1797146,
            32.8151757
          ],
          [
            -117.1798138,
            32.8153651
          ],
          [
            -117.1799534,
            32.8156722
          ],
          [
            -117.1800003,
            32.8157667
          ]
        ]
      }
    },
    {
      "type": "Feature",
      "properties": {
        "name": "Balboa Avenue",
        "kind": "lane"
      },
      "geometry": {
        "type": "LineString",
        "coordinates": [
          [
            -117.1845296,
            32.8183163
          ],
          [
            -117.1844553,
            32.8183455
          ],
          [
            -117.1841208,
            32.8184771
          ],
          [
            -117.18409,
            32.8184889
          ],
          [
            -117.1837191,
            32.8186307
          ]
        ]
      }
    },
    {
      "type": "Feature",
      "properties": {
        "name": "Balboa Avenue",
        "kind": "lane"
      },
      "geometry": {
        "type": "LineString",
        "coordinates": [
          [
            -117.1837191,
            32.8186307
          ],
          [
            -117.1826017,
            32.819035
          ]
        ]
      }
    },
    {
      "type": "Feature",
      "properties": {
        "name": "Balboa Avenue",
        "kind": "lane"
      },
      "geometry": {
        "type": "LineString",
        "coordinates": [
          [
            -117.1826017,
            32.819035
          ],
          [
            -117.1820803,
            32.8192163
          ],
          [
            -117.1820602,
            32.8192233
          ],
          [
            -117.181962,
            32.8192556
          ]
        ]
      }
    },
    {
      "type": "Feature",
      "properties": {
        "name": "Balboa Avenue",
        "kind": "lane"
      },
      "geometry": {
        "type": "LineString",
        "coordinates": [
          [
            -117.1827801,
            32.8191083
          ],
          [
            -117.1835407,
            32.8188311
          ],
          [
            -117.1837795,
            32.8187154
          ]
        ]
      }
    },
    {
      "type": "Feature",
      "properties": {
        "name": "Balboa Avenue",
        "kind": "lane"
      },
      "geometry": {
        "type": "LineString",
        "coordinates": [
          [
            -117.1849151,
            32.8183024
          ],
          [
            -117.1850076,
            32.8182659
          ],
          [
            -117.1853425,
            32.818142
          ],
          [
            -117.185369,
            32.8181322
          ],
          [
            -117.1854547,
            32.8181005
          ]
        ]
      }
    },
    {
      "type": "Feature",
      "properties": {
        "name": "Balboa Avenue",
        "kind": "lane"
      },
      "geometry": {
        "type": "LineString",
        "coordinates": [
          [
            -117.1809162,
            32.8197622
          ],
          [
            -117.1810669,
            32.8197101
          ]
        ]
      }
    },
    {
      "type": "Feature",
      "properties": {
        "name": "Balboa Avenue",
        "kind": "lane"
      },
      "geometry": {
        "type": "LineString",
        "coordinates": [
          [
            -117.1800574,
            32.8200267
          ],
          [
            -117.1801772,
            32.8199951
          ],
          [
            -117.1802955,
            32.8199638
          ],
          [
            -117.1805179,
            32.819896
          ]
        ]
      }
    },
    {
      "type": "Feature",
      "properties": {
        "name": "Balboa Avenue",
        "kind": "lane"
      },
      "geometry": {
        "type": "LineString",
        "coordinates": [
          [
            -117.1806298,
            32.8197027
          ],
          [
            -117.1801696,
            32.8198349
          ],
          [
            -117.1801154,
            32.8198497
          ],
          [
            -117.180093,
            32.8198558
          ],
          [
            -117.1799896,
            32.819884
          ]
        ]
      }
    },
    {
      "type": "Feature",
      "properties": {
        "name": "Genesee Avenue",
        "kind": "lane"
      },
      "geometry": {
        "type": "LineString",
        "coordinates": [
          [
            -117.180077,
            32.8159212
          ],
          [
            -117.1802108,
            32.8161878
          ],
          [
            -117.1802236,
            32.8162114
          ],
          [
            -117.1803986,
            32.816535
          ],
          [
            -117.1805032,
            32.8167627
          ],
          [
            -117.1805471,
            32.8168491
          ]
        ]
      }
    },
    {
      "type": "Feature",
      "properties": {
        "name": "Genesee Avenue",
        "kind": "lane"
      },
      "geometry": {
        "type": "LineString",
        "coordinates": [
          [
            -117.1805471,
            32.8168491
          ],
          [
            -117.1805641,
            32.8168824
          ],
          [
            -117.1805972,
            32.8169476
          ]
        ]
      }
    },
    {
      "type": "Feature",
      "properties": {
        "name": "Genesee Avenue",
        "kind": "lane"
      },
      "geometry": {
        "type": "LineString",
        "coordinates": [
          [
            -117.1805972,
            32.8169476
          ],
          [
            -117.1806292,
            32.8170106
          ],
          [
            -117.1807107,
            32.8171801
          ],
          [
            -117.180717,
            32.8171931
          ],
          [
            -117.180762,
            32.8172831
          ]
        ]
      }
    },
    {
      "type": "Feature",
      "properties": {
        "name": "Balboa Avenue",
        "kind": "lane"
      },
      "geometry": {
        "type": "LineString",
        "coordinates": [
          [
            -117.1764427,
            32.8203947
          ],
          [
            -117.1766766,
            32.8203902
          ],
          [
            -117.1767437,
            32.8203899
          ],
          [
            -117.1774397,
            32.8203869
          ],
          [
            -117.177643,
            32.8203755
          ],
          [
            -117.1777498,
            32.8203695
          ],
          [
            -117.1780848,
            32.8203506
          ],
          [
            -117.1782037,
            32.820338
          ],
          [
            -117.178441,
            32.8203129
          ],
          [
            -117.1786158,
            32.8202944
          ],
          [
            -117.1787338,
            32.8202785
          ],
          [
            -117.1792247,
            32.8202121
          ]
        ]
      }
    },
    {
      "type": "Feature",
      "properties": {
        "name": "Balboa Avenue",
        "kind": "shared"
      },
      "geometry": {
        "type": "LineString",
        "coordinates": [
          [
            -117.175445,
            32.8203926
          ],
          [
            -117.1754801,
            32.8203931
          ],
          [
            -117.1758284,
            32.8203973
          ]
        ]
      }
    },
    {
      "type": "Feature",
      "properties": {
        "name": "Genesee Avenue",
        "kind": "lane"
      },
      "geometry": {
        "type": "LineString",
        "coordinates": [
          [
            -117.1818887,
            32.8191177
          ],
          [
            -117.1816079,
            32.8185773
          ],
          [
            -117.1812874,
            32.8179605
          ],
          [
            -117.1812092,
            32.81781
          ]
        ]
      }
    },
    {
      "type": "Feature",
      "properties": {
        "name": "Balboa Avenue",
        "kind": "shared"
      },
      "geometry": {
        "type": "LineString",
        "coordinates": [
          [
            -117.1810669,
            32.8197101
          ],
          [
            -117.181102,
            32.819698
          ],
          [
            -117.1815907,
            32.8195307
          ],
          [
            -117.181753,
            32.8194754
          ],
          [
            -117.1817711,
            32.8194693
          ],
          [
            -117.1818742,
            32.8194405
          ]
        ]
      }
    },
    {
      "type": "Feature",
      "properties": {
        "name": "Genesee Avenue",
        "kind": "lane"
      },
      "geometry": {
        "type": "LineString",
        "coordinates": [
          [
            -117.1815228,
            32.8187745
          ],
          [
            -117.1815304,
            32.8187903
          ],
          [
            -117.1816136,
            32.8189514
          ],
          [
            -117.1817334,
            32.8191779
          ],
          [
            -117.1817443,
            32.8191995
          ],
          [
            -117.1817511,
            32.8192129
          ],
          [
            -117.1817993,
            32.8193053
          ]
        ]
      }
    },
    {
      "type": "Feature",
      "properties": {
        "name": "Genesee Avenue",
        "kind": "lane"
      },
      "geometry": {
        "type": "LineString",
        "coordinates": [
          [
            -117.1834529,
            32.8223567
          ],
          [
            -117.1835104,
            32.8224318
          ],
          [
            -117.1835207,
            32.8224452
          ],
          [
            -117.1835229,
            32.822448
          ],
          [
            -117.1835563,
            32.8224908
          ]
        ]
      }
    },
    {
      "type": "Feature",
      "properties": {
        "name": "Balboa Avenue",
        "kind": "lane"
      },
      "geometry": {
        "type": "LineString",
        "coordinates": [
          [
            -117.1857595,
            32.8179917
          ],
          [
            -117.1862787,
            32.8178064
          ],
          [
            -117.1872505,
            32.8174368
          ],
          [
            -117.187758,
            32.8172555
          ]
        ]
      }
    },
    {
      "type": "Feature",
      "properties": {
        "name": "Balboa Avenue",
        "kind": "lane"
      },
      "geometry": {
        "type": "LineString",
        "coordinates": [
          [
            -117.1799896,
            32.819884
          ],
          [
            -117.179866,
            32.8199178
          ],
          [
            -117.1796976,
            32.8199638
          ],
          [
            -117.1793671,
            32.8200268
          ],
          [
            -117.1791941,
            32.8200597
          ],
          [
            -117.1790195,
            32.8200837
          ],
          [
            -117.178545,
            32.8201489
          ],
          [
            -117.1781882,
            32.8201855
          ],
          [
            -117.1780612,
            32.8201985
          ],
          [
            -117.177773,
            32.8202154
          ],
          [
            -117.1774397,
            32.8202349
          ],
          [
            -117.1772293,
            32.8202357
          ],
          [
            -117.176963,
            32.8202368
          ]
        ]
      }
    },
    {
      "type": "Feature",
      "properties": {
        "name": "Balboa Avenue",
        "kind": "lane"
      },
      "geometry": {
        "type": "LineString",
        "coordinates": [
          [
            -117.1751327,
            32.8203887
          ],
          [
            -117.175445,
            32.8203926
          ]
        ]
      }
    },
    {
      "type": "Feature",
      "properties": {
        "name": "Balboa Avenue",
        "kind": "shared"
      },
      "geometry": {
        "type": "LineString",
        "coordinates": [
          [
            -117.1761339,
            32.8204011
          ],
          [
            -117.1763008,
            32.8203973
          ],
          [
            -117.1764427,
            32.8203947
          ]
        ]
      }
    },
    {
      "type": "Feature",
      "properties": {
        "name": "Balboa Avenue",
        "kind": "lane"
      },
      "geometry": {
        "type": "LineString",
        "coordinates": [
          [
            -117.1736555,
            32.8203704
          ],
          [
            -117.1751327,
            32.8203887
          ]
        ]
      }
    },
    {
      "type": "Feature",
      "properties": {
        "name": "Balboa Avenue",
        "kind": "lane"
      },
      "geometry": {
        "type": "LineString",
        "coordinates": [
          [
            -117.176963,
            32.8202368
          ],
          [
            -117.1766591,
            32.8202381
          ],
          [
            -117.1766294,
            32.8202382
          ],
          [
            -117.1763228,
            32.8202395
          ],
          [
            -117.1762847,
            32.8202397
          ],
          [
            -117.1761336,
            32.82024
          ]
        ]
      }
    },
    {
      "type": "Feature",
      "properties": {
        "name": "Balboa Avenue",
        "kind": "shared"
      },
      "geometry": {
        "type": "LineString",
        "coordinates": [
          [
            -117.1792247,
            32.8202121
          ],
          [
            -117.1792767,
            32.8202051
          ],
          [
            -117.1797448,
            32.8201093
          ],
          [
            -117.1799082,
            32.8200661
          ],
          [
            -117.1799327,
            32.8200596
          ],
          [
            -117.1800574,
            32.8200267
          ]
        ]
      }
    },
    {
      "type": "Feature",
      "properties": {
        "name": "Genesee Avenue",
        "kind": "lane"
      },
      "geometry": {
        "type": "LineString",
        "coordinates": [
          [
            -117.1801449,
            32.8157146
          ],
          [
            -117.179627,
            32.814702
          ]
        ]
      }
    },
    {
      "type": "Feature",
      "properties": {
        "name": "Genesee Avenue",
        "kind": "lane"
      },
      "geometry": {
        "type": "LineString",
        "coordinates": [
          [
            -117.1803599,
            32.8161351
          ],
          [
            -117.1801449,
            32.8157146
          ]
        ]
      }
    },
    {
      "type": "Feature",
      "properties": {
        "name": "Balboa Avenue",
        "kind": "shared"
      },
      "geometry": {
        "type": "LineString",
        "coordinates": [
          [
            -117.1761336,
            32.82024
          ],
          [
            -117.1760048,
            32.820239
          ],
          [
            -117.1757707,
            32.8202371
          ]
        ]
      }
    },
    {
      "type": "Feature",
      "properties": {
        "name": "Balboa Avenue",
        "kind": "shared"
      },
      "geometry": {
        "type": "LineString",
        "coordinates": [
          [
            -117.1758284,
            32.8203973
          ],
          [
            -117.1759654,
            32.820399
          ],
          [
            -117.1759945,
            32.8203994
          ],
          [
            -117.1761339,
            32.8204011
          ]
        ]
      }
    },
    {
      "type": "Feature",
      "properties": {
        "name": "Balboa Avenue",
        "kind": "lane"
      },
      "geometry": {
        "type": "LineString",
        "coordinates": [
          [
            -117.1749241,
            32.8202305
          ],
          [
            -117.1739443,
            32.8202228
          ]
        ]
      }
    },
    {
      "type": "Feature",
      "properties": {
        "name": "Balboa Avenue",
        "kind": "lane"
      },
      "geometry": {
        "type": "LineString",
        "coordinates": [
          [
            -117.1837795,
            32.8187154
          ],
          [
            -117.1840806,
            32.818604
          ],
          [
            -117.1843484,
            32.8185087
          ],
          [
            -117.1849151,
            32.8183024
          ]
        ]
      }
    },
    {
      "type": "Feature",
      "properties": {
        "name": "Genesee Avenue",
        "kind": "lane"
      },
      "geometry": {
        "type": "LineString",
        "coordinates": [
          [
            -117.1800003,
            32.8157667
          ],
          [
            -117.180077,
            32.8159212
          ]
        ]
      }
    },
    {
      "type": "Feature",
      "properties": {
        "name": "Genesee Avenue",
        "kind": "lane"
      },
      "geometry": {
        "type": "LineString",
        "coordinates": [
          [
            -117.1810769,
            32.8179039
          ],
          [
            -117.1812647,
            32.8182742
          ],
          [
            -117.1813052,
            32.8183541
          ],
          [
            -117.1814699,
            32.8186643
          ]
        ]
      }
    },
    {
      "type": "Feature",
      "properties": {
        "name": "Balboa Avenue",
        "kind": "lane"
      },
      "geometry": {
        "type": "LineString",
        "coordinates": [
          [
            -117.1805179,
            32.819896
          ],
          [
            -117.1806534,
            32.8198547
          ],
          [
            -117.1809162,
            32.8197622
          ]
        ]
      }
    },
    {
      "type": "Feature",
      "properties": {
        "name": "North Torrey Pines Road",
        "kind": "lane"
      },
      "geometry": {
        "type": "LineString",
        "coordinates": [
          [
            -117.2404482,
            32.8922988
          ],
          [
            -117.2405552,
            32.8924697
          ],
          [
            -117.2406741,
            32.8927311
          ],
          [
            -117.240756,
            32.8929585
          ],
          [
            -117.2410195,
            32.8942018
          ]
        ]
      }
    },
    {
      "type": "Feature",
      "properties": {
        "name": "Science Center Drive",
        "kind": "lane"
      },
      "geometry": {
        "type": "LineString",
        "coordinates": [
          [
            -117.233355,
            32.8894521
          ],
          [
            -117.233343,
            32.8894635
          ],
          [
            -117.2332968,
            32.8895075
          ]
        ]
      }
    },
    {
      "type": "Feature",
      "properties": {
        "name": "Genesee Avenue",
        "kind": "lane"
      },
      "geometry": {
        "type": "LineString",
        "coordinates": [
          [
            -117.228573,
            32.887526
          ],
          [
            -117.2286902,
            32.887547
          ],
          [
            -117.2292758,
            32.8876515
          ],
          [
            -117.2298959,
            32.8877749
          ],
          [
            -117.230426,
            32.8879192
          ],
          [
            -117.2311117,
            32.888137
          ],
          [
            -117.2315663,
            32.888315
          ],
          [
            -117.2317557,
            32.8884056
          ]
        ]
      }
    },
    {
      "type": "Feature",
      "properties": {
        "name": "Genesee Avenue",
        "kind": "lane"
      },
      "geometry": {
        "type": "LineString",
        "coordinates": [
          [
            -117.2392494,
            32.89124
          ],
          [
            -117.2394418,
            32.8913395
          ]
        ]
      }
    },
    {
      "type": "Feature",
      "properties": {
        "name": "North Torrey Pines Road",
        "kind": "lane"
      },
      "geometry": {
        "type": "LineString",
        "coordinates": [
          [
            -117.2422965,
            32.8900704
          ],
          [
            -117.2422357,
            32.8901538
          ],
          [
            -117.2419817,
            32.8905104
          ]
        ]
      }
    },
    {
      "type": "Feature",
      "properties": {
        "name": "Genesee Avenue",
        "kind": "lane"
      },
      "geometry": {
        "type": "LineString",
        "coordinates": [
          [
            -117.2388493,
            32.8908556
          ],
          [
            -117.2388212,
            32.8908464
          ],
          [
            -117.2385953,
            32.8907861
          ],
          [
            -117.2355676,
            32.8901445
          ],
          [
            -117.2351702,
            32.8900324
          ],
          [
            -117.2349131,
            32.8899477
          ],
          [
            -117.2346148,
            32.8898289
          ],
          [
            -117.2342413,
            32.8896621
          ],
          [
            -117.2339895,
            32.8895335
          ]
        ]
      }
    },
    {
      "type": "Feature",
      "properties": {
        "name": "Science Center Drive",
        "kind": "lane"
      },
      "geometry": {
        "type": "LineString",
        "coordinates": [
          [
            -117.2332968,
            32.8895075
          ],
          [
            -117.2322618,
            32.8904275
          ]
        ]
      }
    },
    {
      "type": "Feature",
      "properties": {
        "name": "North Torrey Pines Road",
        "kind": "lane"
      },
      "geometry": {
        "type": "LineString",
        "coordinates": [
          [
            -117.2404824,
            32.8919062
          ],
          [
            -117.2405603,
            32.8918537
          ],
          [
            -117.2411209,
            32.8914805
          ],
          [
            -117.2414518,
            32.8912577
          ],
          [
            -117.2417844,
            32.8909789
          ],
          [
            -117.2418781,
            32.8908986
          ]
        ]
      }
    },
    {
      "type": "Feature",
      "properties": {
        "name": "Hopkins Drive",
        "kind": "lane"
      },
      "geometry": {
        "type": "LineString",
        "coordinates": [
          [
            -117.242841,
            32.889247
          ],
          [
            -117.2427564,
            32.8891967
          ],
          [
            -117.2424021,
            32.8890279
          ],
          [
            -117.2422131,
            32.8889467
          ],
          [
            -117.2420301,
            32.8888897
          ],
          [
            -117.241981,
            32.8888821
          ],
          [
            -117.2418815,
            32.8888666
          ]
        ]
      }
    },
    {
      "type": "Feature",
      "properties": {
        "name": "Hopkins Drive",
        "kind": "lane"
      },
      "geometry": {
        "type": "LineString",
        "coordinates": [
          [
            -117.2422963,
            32.8891144
          ],
          [
            -117.2423253,
            32.8891252
          ],
          [
            -117.2426058,
            32.8892616
          ],
          [
            -117.2426585,
            32.8892913
          ],
          [
            -117.2426743,
            32.8893002
          ],
          [
            -117.2427728,
            32.8893518
          ]
        ]
      }
    },
    {
      "type": "Feature",
      "properties": {
        "name": "Genesee Avenue",
        "kind": "lane"
      },
      "geometry": {
        "type": "LineString",
        "coordinates": [
          [
            -117.2297921,
            32.8875506
          ],
          [
            -117.2293499,
            32.8874405
          ],
          [
            -117.2286826,
            32.8873103
          ],
          [
            -117.228607,
            32.8872956
          ]
        ]
      }
    },
    {
      "type": "Feature",
      "properties": {
        "name": "Genesee Avenue",
        "kind": "lane"
      },
      "geometry": {
        "type": "LineString",
        "coordinates": [
          [
            -117.2381025,
            32.8908999
          ],
          [
            -117.2383526,
            32.89096
          ]
        ]
      }
    },
    {
      "type": "Feature",
      "properties": {
        "name": "Genesee Avenue",
        "kind": "lane"
      },
      "geometry": {
        "type": "LineString",
        "coordinates": [
          [
            -117.2378816,
            32.8908429
          ],
          [
            -117.2381025,
            32.8908999
          ]
        ]
      }
    },
    {
      "type": "Feature",
      "properties": {
        "name": "Genesee Avenue",
        "kind": "lane"
      },
      "geometry": {
        "type": "LineString",
        "coordinates": [
          [
            -117.238443,
            32.8909811
          ],
          [
            -117.2385781,
            32.891013
          ],
          [
            -117.2388122,
            32.8910774
          ],
          [
            -117.2389102,
            32.8911085
          ],
          [
            -117.238937,
            32.891117
          ],
          [
            -117.2389623,
            32.8911243
          ],
          [
            -117.239069,
            32.8911588
          ]
        ]
      }
    },
    {
      "type": "Feature",
      "properties": {
        "name": "North Torrey Pines Road",
        "kind": "lane"
      },
      "geometry": {
        "type": "LineString",
        "coordinates": [
          [
            -117.2423185,
            32.8903407
          ],
          [
            -117.2424848,
            32.8900934
          ],
          [
            -117.2425306,
            32.8900253
          ],
          [
            -117.2428011,
            32.8896184
          ]
        ]
      }
    },
    {
      "type": "Feature",
      "properties": {
        "name": "Genesee Avenue",
        "kind": "lane"
      },
      "geometry": {
        "type": "LineString",
        "coordinates": [
          [
            -117.2334222,
            32.88937
          ],
          [
            -117.2335315,
            32.889435
          ],
          [
            -117.2339705,
            32.8896837
          ],
          [
            -117.2342283,
            32.8898108
          ],
          [
            -117.2345726,
            32.8899551
          ],
          [
            -117.2349417,
            32.8900903
          ],
          [
            -117.2353054,
            32.8902022
          ],
          [
            -117.2356661,
            32.8902976
          ],
          [
            -117.2377558,
            32.8908119
          ],
          [
            -117.2378816,
            32.8908429
          ]
        ]
      }
    },
    {
      "type": "Feature",
      "properties": {
        "name": "Genesee Avenue",
        "kind": "lane"
      },
      "geometry": {
        "type": "LineString",
        "coordinates": [
          [
            -117.2391786,
            32.8912062
          ],
          [
            -117.2392494,
            32.89124
          ]
        ]
      }
    },
    {
      "type": "Feature",
      "properties": {
        "name": "Genesee Avenue",
        "kind": "lane"
      },
      "geometry": {
        "type": "LineString",
        "coordinates": [
          [
            -117.2383526,
            32.89096
          ],
          [
            -117.238443,
            32.8909811
          ]
        ]
      }
    },
    {
      "type": "Feature",
      "properties": {
        "name": "Genesee Avenue",
        "kind": "shared"
      },
      "geometry": {
        "type": "LineString",
        "coordinates": [
          [
            -117.2329423,
            32.889072
          ],
          [
            -117.2332849,
            32.8892794
          ],
          [
            -117.2334222,
            32.88937
          ]
        ]
      }
    },
    {
      "type": "Feature",
      "properties": {
        "name": "Genesee Avenue",
        "kind": "lane"
      },
      "geometry": {
        "type": "LineString",
        "coordinates": [
          [
            -117.2339895,
            32.8895335
          ],
          [
            -117.2336424,
            32.889337
          ],
          [
            -117.2336223,
            32.8893256
          ],
          [
            -117.2335156,
            32.8892647
          ]
        ]
      }
    },
    {
      "type": "Feature",
      "properties": {
        "name": "Genesee Avenue",
        "kind": "lane"
      },
      "geometry": {
        "type": "LineString",
        "coordinates": [
          [
            -117.2335156,
            32.8892647
          ],
          [
            -117.2324295,
            32.8886
          ],
          [
            -117.2319595,
            32.8883462
          ],
          [
            -117.231615,
            32.8881903
          ],
          [
            -117.2313502,
            32.8880642
          ],
          [
            -117.2308398,
            32.8878749
          ],
          [
            -117.2305502,
            32.8877782
          ]
        ]
      }
    },
    {
      "type": "Feature",
      "properties": {
        "name": "North Torrey Pines Road",
        "kind": "lane"
      },
      "geometry": {
        "type": "LineString",
        "coordinates": [
          [
            -117.2413877,
            32.8910796
          ],
          [
            -117.2413119,
            32.8911357
          ]
        ]
      }
    },
    {
      "type": "Feature",
      "properties": {
        "name": "North Torrey Pines Road",
        "kind": "lane"
      },
      "geometry": {
        "type": "LineString",
        "coordinates": [
          [
            -117.2429743,
            32.889035
          ],
          [
            -117.2429098,
            32.8891417
          ],
          [
            -117.2428878,
            32.8891781
          ],
          [
            -117.242841,
            32.889247
          ]
        ]
      }
    },
    {
      "type": "Feature",
      "properties": {
        "name": "North Torrey Pines Road",
        "kind": "lane"
      },
      "geometry": {
        "type": "LineString",
        "coordinates": [
          [
            -117.2426998,
            32.8894642
          ],
          [
            -117.2423818,
            32.8899535
          ],
          [
            -117.2422965,
            32.8900704
          ]
        ]
      }
    },
    {
      "type": "Feature",
      "properties": {
        "name": "North Torrey Pines Road",
        "kind": "lane"
      },
      "geometry": {
        "type": "LineString",
        "coordinates": [
          [
            -117.2413119,
            32.8911357
          ],
          [
            -117.2410121,
            32.8913468
          ],
          [
            -117.2404626,
            32.8916994
          ],
          [
            -117.2404324,
            32.8917188
          ],
          [
            -117.2403499,
            32.8917739
          ]
        ]
      }
    },
    {
      "type": "Feature",
      "properties": {
        "name": "North Torrey Pines Road",
        "kind": "lane"
      },
      "geometry": {
        "type": "LineString",
        "coordinates": [
          [
            -117.2407976,
            32.8923785
          ],
          [
            -117.2407119,
            32.8922254
          ],
          [
            -117.2406328,
            32.892093
          ],
          [
            -117.240559,
            32.8919956
          ],
          [
            -117.2404824,
            32.8919062
          ]
        ]
      }
    },
    {
      "type": "Feature",
      "properties": {
        "name": "Scholars Drive North",
        "kind": "lane"
      },
      "geometry": {
        "type": "LineString",
        "coordinates": [
          [
            -117.2424031,
            32.8845896
          ],
          [
            -117.2424091,
            32.885295
          ],
          [
            -117.2424179,
            32.8860181
          ],
          [
            -117.242422,
            32.8863502
          ],
          [
            -117.2424235,
            32.8863969
          ],
          [
            -117.2424282,
            32.8868706
          ],
          [
            -117.2424239,
            32.8870162
          ],
          [
            -117.2424108,
            32.8871638
          ],
          [
            -117.2423957,
            32.8872974
          ],
          [
            -117.2423464,
            32.8875448
          ],
          [
            -117.2423073,
            32.8877453
          ],
          [
            -117.2422935,
            32.8878175
          ],
          [
            -117.2422429,
            32.8880692
          ],
          [
            -117.2422168,
            32.8881444
          ],
          [
            -117.2421933,
            32.8881947
          ],
          [
            -117.2421224,
            32.8883099
          ],
          [
            -117.2420309,
            32.8884724
          ],
          [
            -117.2419562,
            32.8886216
          ],
          [
            -117.2419253,
            32.8887071
          ],
          [
            -117.2419045,
            32.8887788
          ],
          [
            -117.2418976,
            32.8888025
          ],
          [
            -117.2418815,
            32.8888666
          ]
        ]
      }
    },
    {
      "type": "Feature",
      "properties": {
        "name": "Science Center Drive",
        "kind": "lane"
      },
      "geometry": {
        "type": "LineString",
        "coordinates": [
          [
            -117.2320666,
            32.8906046
          ],
          [
            -117.2318595,
            32.8907489
          ],
          [
            -117.2317544,
            32.8908695
          ],
          [
            -117.2315227,
            32.8911813
          ],
          [
            -117.2313209,
            32.8915157
          ]
        ]
      }
    },
    {
      "type": "Feature",
      "properties": {
        "name": null,
        "kind": "track"
      },
      "geometry": {
        "type": "LineString",
        "coordinates": [
          [
            -117.2292263,
            32.8814481
          ],
          [
            -117.2292415,
            32.8815323
          ],
          [
            -117.2292154,
            32.8815834
          ],
          [
            -117.2291684,
            32.8816331
          ],
          [
            -117.2290737,
            32.8816752
          ],
          [
            -117.2289584,
            32.8817233
          ],
          [
            -117.2288952,
            32.8817709
          ],
          [
            -117.2288495,
            32.8818294
          ],
          [
            -117.2288211,
            32.881891
          ],
          [
            -117.2288206,
            32.8819718
          ],
          [
            -117.2288166,
            32.8821225
          ],
          [
            -117.228809,
            32.8822723
          ],
          [
            -117.2287941,
            32.8824194
          ],
          [
            -117.228763,
            32.8825517
          ],
          [
            -117.2287189,
            32.882736
          ],
          [
            -117.2286858,
            32.8829439
          ],
          [
            -117.2286289,
            32.8835579
          ],
          [
            -117.2286064,
            32.8841982
          ],
          [
            -117.2286402,
            32.8850936
          ],
          [
            -117.2286498,
            32.8852612
          ],
          [
            -117.2286851,
            32.8854269
          ],
          [
            -117.2287412,
            32.8856382
          ],
          [
            -117.2287622,
            32.8858357
          ],
          [
            -117.2287617,
            32.8860563
          ],
          [
            -117.2287651,
            32.8862691
          ],
          [
            -117.2287907,
            32.8865286
          ],
          [
            -117.2288486,
            32.8867268
          ],
          [
            -117.2288889,
            32.8868204
          ],
          [
            -117.2289459,
            32.8868999
          ],
          [
            -117.2290283,
            32.8869698
          ],
          [
            -117.2291123,
            32.8870149
          ],
          [
            -117.2292371,
            32.88707
          ],
          [
            -117.2294327,
            32.887139
          ]
        ]
      }
    },
    {
      "type": "Feature",
      "properties": {
        "name": null,
        "kind": "track"
      },
      "geometry": {
        "type": "LineString",
        "coordinates": [
          [
            -117.2294327,
            32.887139
          ],
          [
            -117.2296589,
            32.8872068
          ],
          [
            -117.2297234,
            32.8872442
          ],
          [
            -117.2297737,
            32.8872864
          ],
          [
            -117.2298215,
            32.8873453
          ],
          [
            -117.2298487,
            32.8874074
          ],
          [
            -117.2298601,
            32.8874583
          ],
          [
            -117.2298612,
            32.8875116
          ],
          [
            -117.229856,
            32.8875667
          ],
          [
            -117.2298395,
            32.8876171
          ],
          [
            -117.2298131,
            32.8876619
          ],
          [
            -117.2297848,
            32.8876908
          ],
          [
            -117.2297381,
            32.8877314
          ],
          [
            -117.229682,
            32.8877656
          ],
          [
            -117.2296228,
            32.8877892
          ],
          [
            -117.229557,
            32.8878042
          ],
          [
            -117.2294878,
            32.8878099
          ],
          [
            -117.2293988,
            32.8878045
          ],
          [
            -117.2290979,
            32.88777
          ],
          [
            -117.2290262,
            32.8877636
          ],
          [
            -117.2289573,
            32.887765
          ]
        ]
      }
    },
    {
      "type": "Feature",
      "properties": {
        "name": "John Jay Hopkins Drive",
        "kind": "lane"
      },
      "geometry": {
        "type": "LineString",
        "coordinates": [
          [
            -117.2391939,
            32.8930651
          ],
          [
            -117.2392664,
            32.8937025
          ]
        ]
      }
    },
    {
      "type": "Feature",
      "properties": {
        "name": "Genesee Avenue",
        "kind": "lane"
      },
      "geometry": {
        "type": "LineString",
        "coordinates": [
          [
            -117.239069,
            32.8911588
          ],
          [
            -117.2391786,
            32.8912062
          ]
        ]
      }
    },
    {
      "type": "Feature",
      "properties": {
        "name": "Science Center Drive",
        "kind": "lane"
      },
      "geometry": {
        "type": "LineString",
        "coordinates": [
          [
            -117.2320666,
            32.8906046
          ],
          [
            -117.2322618,
            32.8904275
          ]
        ]
      }
    },
    {
      "type": "Feature",
      "properties": {
        "name": "Genesee Avenue",
        "kind": "lane"
      },
      "geometry": {
        "type": "LineString",
        "coordinates": [
          [
            -117.2300625,
            32.8876256
          ],
          [
            -117.2297921,
            32.8875506
          ]
        ]
      }
    },
    {
      "type": "Feature",
      "properties": {
        "name": "Genesee Avenue",
        "kind": "lane"
      },
      "geometry": {
        "type": "LineString",
        "coordinates": [
          [
            -117.2304319,
            32.8877383
          ],
          [
            -117.2300625,
            32.8876256
          ]
        ]
      }
    },
    {
      "type": "Feature",
      "properties": {
        "name": "Science Center Drive",
        "kind": "lane"
      },
      "geometry": {
        "type": "LineString",
        "coordinates": [
          [
            -117.2305024,
            32.8933996
          ],
          [
            -117.2304429,
            32.8936154
          ],
          [
            -117.2304303,
            32.8936766
          ],
          [
            -117.2304141,
            32.8938169
          ],
          [
            -117.2304012,
            32.8940184
          ],
          [
            -117.2304063,
            32.8941676
          ],
          [
            -117.230433,
            32.8943821
          ],
          [
            -117.230481,
            32.894602
          ],
          [
            -117.2305969,
            32.8951182
          ],
          [
            -117.2306642,
            32.8954526
          ],
          [
            -117.2307151,
            32.8956756
          ],
          [
            -117.2307373,
            32.8957712
          ],
          [
            -117.2307686,
            32.8959359
          ],
          [
            -117.2307854,
            32.8961343
          ],
          [
            -117.2307813,
            32.8962752
          ],
          [
            -117.2307717,
            32.8963823
          ],
          [
            -117.2307379,
            32.8965754
          ],
          [
            -117.2306954,
            32.8967516
          ],
          [
            -117.2305974,
            32.8970204
          ],
          [
            -117.2305423,
            32.8971373
          ],
          [
            -117.2304979,
            32.8972089
          ],
          [
            -117.2304336,
            32.8973091
          ],
          [
            -117.2303629,
            32.8974032
          ],
          [
            -117.2302681,
            32.8975165
          ],
          [
            -117.2296888,
            32.8981355
          ],
          [
            -117.2292924,
            32.8985477
          ],
          [
            -117.2291639,
            32.8986934
          ]
        ]
      }
    },
    {
      "type": "Feature",
      "properties": {
        "name": "Science Center Drive",
        "kind": "lane"
      },
      "geometry": {
        "type": "LineString",
        "coordinates": [
          [
            -117.2306191,
            32.8934347
          ],
          [
            -117.2312509,
            32.8919536
          ],
          [
            -117.2314297,
            32.8915792
          ],
          [
            -117.231528,
            32.8914124
          ],
          [
            -117.2316682,
            32.891191
          ],
          [
            -117.2318627,
            32.8909345
          ],
          [
            -117.2319464,
            32.8908291
          ],
          [
            -117.2320666,
            32.8906046
          ]
        ]
      }
    },
    {
      "type": "Feature",
      "properties": {
        "name": null,
        "kind": "lane"
      },
      "geometry": {
        "type": "LineString",
        "coordinates": [
          [
            -117.2427728,
            32.8893518
          ],
          [
            -117.2429235,
            32.8894342
          ]
        ]
      }
    },
    {
      "type": "Feature",
      "properties": {
        "name": null,
        "kind": "lane"
      },
      "geometry": {
        "type": "LineString",
        "coordinates": [
          [
            -117.2429891,
            32.8893273
          ],
          [
            -117.242841,
            32.889247
          ]
        ]
      }
    },
    {
      "type": "Feature",
      "properties": {
        "name": "North Torrey Pines Road",
        "kind": "lane"
      },
      "geometry": {
        "type": "LineString",
        "coordinates": [
          [
            -117.2403499,
            32.8917739
          ],
          [
            -117.2401758,
            32.8919043
          ]
        ]
      }
    },
    {
      "type": "Feature",
      "properties": {
        "name": "North Torrey Pines Road",
        "kind": "lane"
      },
      "geometry": {
        "type": "LineString",
        "coordinates": [
          [
            -117.2402782,
            32.8920349
          ],
          [
            -117.2404824,
            32.8919062
          ]
        ]
      }
    },
    {
      "type": "Feature",
      "properties": {
        "name": "Scholars Drive North",
        "kind": "lane"
      },
      "geometry": {
        "type": "LineString",
        "coordinates": [
          [
            -117.2418815,
            32.8888666
          ],
          [
            -117.241851,
            32.8889889
          ]
        ]
      }
    },
    {
      "type": "Feature",
      "properties": {
        "name": "Hopkins Drive",
        "kind": "lane"
      },
      "geometry": {
        "type": "LineString",
        "coordinates": [
          [
            -117.2418815,
            32.8888666
          ],
          [
            -117.2417666,
            32.8888574
          ],
          [
            -117.2415745,
            32.8888516
          ],
          [
            -117.2414119,
            32.888859
          ]
        ]
      }
    },
    {
      "type": "Feature",
      "properties": {
        "name": "Hopkins Drive",
        "kind": "lane"
      },
      "geometry": {
        "type": "LineString",
        "coordinates": [
          [
            -117.2414402,
            32.8889698
          ],
          [
            -117.2415804,
            32.8889684
          ],
          [
            -117.2417568,
            32.888973
          ],
          [
            -117.241851,
            32.8889889
          ]
        ]
      }
    },
    {
      "type": "Feature",
      "properties": {
        "name": "Science Center Drive",
        "kind": "lane"
      },
      "geometry": {
        "type": "LineString",
        "coordinates": [
          [
            -117.2313209,
            32.8915157
          ],
          [
            -117.2311583,
            32.8918616
          ],
          [
            -117.2311343,
            32.8919175
          ]
        ]
      }
    },
    {
      "type": "Feature",
      "properties": {
        "name": "Science Center Drive",
        "kind": "lane"
      },
      "geometry": {
        "type": "LineString",
        "coordinates": [
          [
            -117.2311343,
            32.8919175
          ],
          [
            -117.2308313,
            32.8926124
          ],
          [
            -117.230606,
            32.8931451
          ],
          [
            -117.2305024,
            32.8933996
          ]
        ]
      }
    },
    {
      "type": "Feature",
      "properties": {
        "name": "Genesee Avenue",
        "kind": "shared"
      },
      "geometry": {
        "type": "LineString",
        "coordinates": [
          [
            -117.2326626,
            32.8889062
          ],
          [
            -117.2329423,
            32.889072
          ]
        ]
      }
    },
    {
      "type": "Feature",
      "properties": {
        "name": "Hopkins Drive",
        "kind": "lane"
      },
      "geometry": {
        "type": "LineString",
        "coordinates": [
          [
            -117.2408849,
            32.8889271
          ],
          [
            -117.2406707,
            32.888893
          ]
        ]
      }
    },
    {
      "type": "Feature",
      "properties": {
        "name": "Genesee Avenue",
        "kind": "lane"
      },
      "geometry": {
        "type": "LineString",
        "coordinates": [
          [
            -117.2399925,
            32.8914522
          ],
          [
            -117.2397786,
            32.8912954
          ],
          [
            -117.239593,
            32.8911809
          ],
          [
            -117.23938,
            32.8910721
          ],
          [
            -117.2392802,
            32.8910234
          ]
        ]
      }
    },
    {
      "type": "Feature",
      "properties": {
        "name": "North Torrey Pines Road",
        "kind": "lane"
      },
      "geometry": {
        "type": "LineString",
        "coordinates": [
          [
            -117.242841,
            32.889247
          ],
          [
            -117.2427728,
            32.8893518
          ]
        ]
      }
    },
    {
      "type": "Feature",
      "properties": {
        "name": "Science Center Drive",
        "kind": "lane"
      },
      "geometry": {
        "type": "LineString",
        "coordinates": [
          [
            -117.230708,
            32.8951082
          ],
          [
            -117.2306397,
            32.8948078
          ],
          [
            -117.2305845,
            32.8945655
          ],
          [
            -117.2305385,
            32.8943406
          ],
          [
            -117.2305197,
            32.8941948
          ],
          [
            -117.2305176,
            32.8939875
          ],
          [
            -117.2305406,
            32.8937574
          ],
          [
            -117.2305525,
            32.8936915
          ],
          [
            -117.2305657,
            32.8936187
          ],
          [
            -117.230604,
            32.8934867
          ],
          [
            -117.2306191,
            32.8934347
          ]
        ]
      }
    },
    {
      "type": "Feature",
      "properties": {
        "name": "Hopkins Drive",
        "kind": "lane"
      },
      "geometry": {
        "type": "LineString",
        "coordinates": [
          [
            -117.241851,
            32.8889889
          ],
          [
            -117.242018,
            32.8890295
          ],
          [
            -117.2421805,
            32.8890748
          ],
          [
            -117.2422963,
            32.8891144
          ]
        ]
      }
    },
    {
      "type": "Feature",
      "properties": {
        "name": null,
        "kind": "track"
      },
      "geometry": {
        "type": "LineString",
        "coordinates": [
          [
            -117.230585,
            32.887713
          ],
          [
            -117.2305502,
            32.8877782
          ]
        ]
      }
    },
    {
      "type": "Feature",
      "properties": {
        "name": "Genesee Avenue",
        "kind": "lane"
      },
      "geometry": {
        "type": "LineString",
        "coordinates": [
          [
            -117.2394418,
            32.8913395
          ],
          [
            -117.2395535,
            32.8914075
          ],
          [
            -117.2396833,
            32.8914917
          ],
          [
            -117.2398315,
            32.8916
          ],
          [
            -117.2399286,
            32.8916815
          ],
          [
            -117.2400648,
            32.8917986
          ],
          [
            -117.2400906,
            32.8918208
          ],
          [
            -117.2401758,
            32.8919043
          ]
        ]
      }
    },
    {
      "type": "Feature",
      "properties": {
        "name": "John Jay Hopkins Drive",
        "kind": "lane"
      },
      "geometry": {
        "type": "LineString",
        "coordinates": [
          [
            -117.2391661,
            32.891659
          ],
          [
            -117.2391349,
            32.8915395
          ],
          [
            -117.2391205,
            32.8913784
          ],
          [
            -117.2391258,
            32.8913256
          ],
          [
            -117.2391342,
            32.8912975
          ],
          [
            -117.2391786,
            32.8912062
          ]
        ]
      }
    },
    {
      "type": "Feature",
      "properties": {
        "name": "Genesee Avenue",
        "kind": "lane"
      },
      "geometry": {
        "type": "LineString",
        "coordinates": [
          [
            -117.2392802,
            32.8910234
          ],
          [
            -117.2391695,
            32.8909708
          ]
        ]
      }
    },
    {
      "type": "Feature",
      "properties": {
        "name": "North Torrey Pines Road",
        "kind": "lane"
      },
      "geometry": {
        "type": "LineString",
        "coordinates": [
          [
            -117.2419689,
            32.8908087
          ],
          [
            -117.242165,
            32.8905697
          ],
          [
            -117.2423185,
            32.8903407
          ]
        ]
      }
    },
    {
      "type": "Feature",
      "properties": {
        "name": "Science Center Drive",
        "kind": "lane"
      },
      "geometry": {
        "type": "LineString",
        "coordinates": [
          [
            -117.2335156,
            32.8892647
          ],
          [
            -117.2334222,
            32.88937
          ]
        ]
      }
    },
    {
      "type": "Feature",
      "properties": {
        "name": "John Jay Hopkins Drive",
        "kind": "lane"
      },
      "geometry": {
        "type": "LineString",
        "coordinates": [
          [
            -117.239069,
            32.8911588
          ],
          [
            -117.2390353,
            32.8912359
          ],
          [
            -117.2390277,
            32.8912632
          ],
          [
            -117.2390235,
            32.8912797
          ]
        ]
      }
    },
    {
      "type": "Feature",
      "properties": {
        "name": "John Jay Hopkins Drive",
        "kind": "lane"
      },
      "geometry": {
        "type": "LineString",
        "coordinates": [
          [
            -117.2390809,
            32.8919418
          ],
          [
            -117.2390851,
            32.8919827
          ],
          [
            -117.2390946,
            32.8920751
          ]
        ]
      }
    },
    {
      "type": "Feature",
      "properties": {
        "name": "John Jay Hopkins Drive",
        "kind": "lane"
      },
      "geometry": {
        "type": "LineString",
        "coordinates": [
          [
            -117.2390946,
            32.8920751
          ],
          [
            -117.2391051,
            32.8921803
          ],
          [
            -117.2391673,
            32.8928083
          ]
        ]
      }
    },
    {
      "type": "Feature",
      "properties": {
        "name": "John Jay Hopkins Drive",
        "kind": "lane"
      },
      "geometry": {
        "type": "LineString",
        "coordinates": [
          [
            -117.2391673,
            32.8928083
          ],
          [
            -117.2391939,
            32.8930651
          ]
        ]
      }
    },
    {
      "type": "Feature",
      "properties": {
        "name": "John Jay Hopkins Drive",
        "kind": "lane"
      },
      "geometry": {
        "type": "LineString",
        "coordinates": [
          [
            -117.2392664,
            32.8937025
          ],
          [
            -117.2392866,
            32.8938732
          ],
          [
            -117.2392942,
            32.8938946
          ],
          [
            -117.239328,
            32.89399
          ]
        ]
      }
    },
    {
      "type": "Feature",
      "properties": {
        "name": "Genesee Avenue",
        "kind": "shared"
      },
      "geometry": {
        "type": "LineString",
        "coordinates": [
          [
            -117.2317557,
            32.8884056
          ],
          [
            -117.2321189,
            32.8885792
          ],
          [
            -117.2326626,
            32.8889062
          ]
        ]
      }
    },
    {
      "type": "Feature",
      "properties": {
        "name": "North Torrey Pines Road",
        "kind": "shared"
      },
      "geometry": {
        "type": "LineString",
        "coordinates": [
          [
            -117.2410002,
            32.8929875
          ],
          [
            -117.2409439,
            32.8927636
          ],
          [
            -117.2408743,
            32.8925665
          ],
          [
            -117.2407976,
            32.8923785
          ]
        ]
      }
    },
    {
      "type": "Feature",
      "properties": {
        "name": "North Torrey Pines Road",
        "kind": "lane"
      },
      "geometry": {
        "type": "LineString",
        "coordinates": [
          [
            -117.2401758,
            32.8919043
          ],
          [
            -117.2402782,
            32.8920349
          ]
        ]
      }
    },
    {
      "type": "Feature",
      "properties": {
        "name": "John Jay Hopkins Drive",
        "kind": "lane"
      },
      "geometry": {
        "type": "LineString",
        "coordinates": [
          [
            -117.239251,
            32.8923053
          ],
          [
            -117.2392372,
            32.8921685
          ],
          [
            -117.2392305,
            32.8921028
          ],
          [
            -117.2392263,
            32.8920618
          ]
        ]
      }
    },
    {
      "type": "Feature",
      "properties": {
        "name": "Genesee Avenue",
        "kind": "lane"
      },
      "geometry": {
        "type": "LineString",
        "coordinates": [
          [
            -117.2305502,
            32.8877782
          ],
          [
            -117.2304319,
            32.8877383
          ]
        ]
      }
    },
    {
      "type": "Feature",
      "properties": {
        "name": "Hopkins Drive",
        "kind": "lane"
      },
      "geometry": {
        "type": "LineString",
        "coordinates": [
          [
            -117.2414119,
            32.888859
          ],
          [
            -117.241028,
            32.8888766
          ],
          [
            -117.2408849,
            32.8889271
          ]
        ]
      }
    },
    {
      "type": "Feature",
      "properties": {
        "name": "Hopkins Drive",
        "kind": "lane"
      },
      "geometry": {
        "type": "LineString",
        "coordinates": [
          [
            -117.2408849,
            32.8889271
          ],
          [
            -117.2410114,
            32.8889739
          ],
          [
            -117.2414402,
            32.8889698
          ]
        ]
      }
    },
    {
      "type": "Feature",
      "properties": {
        "name": "John Jay Hopkins Drive",
        "kind": "lane"
      },
      "geometry": {
        "type": "LineString",
        "coordinates": [
          [
            -117.239279,
            32.8925814
          ],
          [
            -117.2392539,
            32.8923341
          ],
          [
            -117.239251,
            32.8923053
          ]
        ]
      }
    },
    {
      "type": "Feature",
      "properties": {
        "name": "John Jay Hopkins Drive",
        "kind": "lane"
      },
      "geometry": {
        "type": "LineString",
        "coordinates": [
          [
            -117.2392263,
            32.8920618
          ],
          [
            -117.2392071,
            32.8919235
          ],
          [
            -117.2392,
            32.8918919
          ]
        ]
      }
    },
    {
      "type": "Feature",
      "properties": {
        "name": "John Jay Hopkins Drive",
        "kind": "lane"
      },
      "geometry": {
        "type": "LineString",
        "coordinates": [
          [
            -117.2392,
            32.8918919
          ],
          [
            -117.2391761,
            32.8917862
          ],
          [
            -117.2391661,
            32.891659
          ]
        ]
      }
    },
    {
      "type": "Feature",
      "properties": {
        "name": "John Jay Hopkins Drive",
        "kind": "lane"
      },
      "geometry": {
        "type": "LineString",
        "coordinates": [
          [
            -117.2390721,
            32.8918516
          ],
          [
            -117.2390809,
            32.8919418
          ]
        ]
      }
    },
    {
      "type": "Feature",
      "properties": {
        "name": "North Torrey Pines Road",
        "kind": "lane"
      },
      "geometry": {
        "type": "LineString",
        "coordinates": [
          [
            -117.2418781,
            32.8908986
          ],
          [
            -117.2419689,
            32.8908087
          ]
        ]
      }
    },
    {
      "type": "Feature",
      "properties": {
        "name": "John Jay Hopkins Drive",
        "kind": "lane"
      },
      "geometry": {
        "type": "LineString",
        "coordinates": [
          [
            -117.2394509,
            32.893962
          ],
          [
            -117.2394269,
            32.8938512
          ],
          [
            -117.2393314,
            32.8930971
          ],
          [
            -117.2393269,
            32.8930531
          ],
          [
            -117.239279,
            32.8925814
          ]
        ]
      }
    },
    {
      "type": "Feature",
      "properties": {
        "name": null,
        "kind": "track"
      },
      "geometry": {
        "type": "LineString",
        "coordinates": [
          [
            -117.2386198,
            32.8834252
          ],
          [
            -117.2385622,
            32.8835112
          ],
          [
            -117.2385651,
            32.8841406
          ],
          [
            -117.2385622,
            32.8842351
          ],
          [
            -117.2385582,
            32.8842546
          ],
          [
            -117.2385449,
            32.8842782
          ],
          [
            -117.2385317,
            32.8842966
          ],
          [
            -117.2385258,
            32.8843226
          ],
          [
            -117.238524,
            32.8843844
          ],
          [
            -117.2385238,
            32.8844468
          ],
          [
            -117.2385311,
            32.8844737
          ],
          [
            -117.2385461,
            32.8845056
          ],
          [
            -117.238551,
            32.8845198
          ],
          [
            -117.2385527,
            32.8845433
          ],
          [
            -117.2385681,
            32.8850458
          ],
          [
            -117.2385862,
            32.885219
          ],
          [
            -117.238593,
            32.8853455
          ],
          [
            -117.2386006,
            32.8856927
          ],
          [
            -117.238608,
            32.8858998
          ],
          [
            -117.238676,
            32.8868571
          ],
          [
            -117.2387269,
            32.8876064
          ],
          [
            -117.238763,
            32.8881065
          ],
          [
            -117.2388046,
            32.8886518
          ],
          [
            -117.238825,
            32.8886958
          ],
          [
            -117.238846,
            32.8887315
          ],
          [
            -117.2388785,
            32.8887593
          ],
          [
            -117.2389128,
            32.8887845
          ],
          [
            -117.2389389,
            32.888797
          ],
          [
            -117.2389722,
            32.8888041
          ],
          [
            -117.2390392,
            32.8888118
          ],
          [
            -117.2397034,
            32.8887799
          ],
          [
            -117.2397872,
            32.888781
          ],
          [
            -117.2399124,
            32.8887873
          ],
          [
            -117.2400369,
            32.8888025
          ],
          [
            -117.2402918,
            32.8888498
          ],
          [
            -117.2404233,
            32.8888785
          ],
          [
            -117.2405857,
            32.8889405
          ],
          [
            -117.2406707,
            32.888893
          ]
        ]
      }
    },
    {
      "type": "Feature",
      "properties": {
        "name": "North Torrey Pines Road",
        "kind": "shared"
      },
      "geometry": {
        "type": "LineString",
        "coordinates": [
          [
            -117.2411593,
            32.8938005
          ],
          [
            -117.2410789,
            32.8933903
          ]
        ]
      }
    },
    {
      "type": "Feature",
      "properties": {
        "name": "North Torrey Pines Road",
        "kind": "shared"
      },
      "geometry": {
        "type": "LineString",
        "coordinates": [
          [
            -117.2410789,
            32.8933903
          ],
          [
            -117.2410002,
            32.8929875
          ]
        ]
      }
    },
    {
      "type": "Feature",
      "properties": {
        "name": "John Jay Hopkins Drive",
        "kind": "lane"
      },
      "geometry": {
        "type": "LineString",
        "coordinates": [
          [
            -117.2390235,
            32.8912797
          ],
          [
            -117.2390199,
            32.891313
          ],
          [
            -117.2390721,
            32.8918516
          ]
        ]
      }
    },
    {
      "type": "Feature",
      "properties": {
        "name": "Science Center Drive",
        "kind": "lane"
      },
      "geometry": {
        "type": "LineString",
        "coordinates": [
          [
            -117.2334222,
            32.88937
          ],
          [
            -117.233355,
            32.8894521
          ]
        ]
      }
    },
    {
      "type": "Feature",
      "properties": {
        "name": "Genesee Avenue",
        "kind": "lane"
      },
      "geometry": {
        "type": "LineString",
        "coordinates": [
          [
            -117.2391695,
            32.8909708
          ],
          [
            -117.2390137,
            32.8909092
          ],
          [
            -117.2388493,
            32.8908556
          ]
        ]
      }
    },
    {
      "type": "Feature",
      "properties": {
        "name": "North Torrey Pines Road",
        "kind": "lane"
      },
      "geometry": {
        "type": "LineString",
        "coordinates": [
          [
            -117.2402782,
            32.8920349
          ],
          [
            -117.2404187,
            32.8922518
          ],
          [
            -117.2404482,
            32.8922988
          ]
        ]
      }
    },
    {
      "type": "Feature",
      "properties": {
        "name": "North Torrey Pines Road",
        "kind": "lane"
      },
      "geometry": {
        "type": "LineString",
        "coordinates": [
          [
            -117.2427728,
            32.8893518
          ],
          [
            -117.2426998,
            32.8894642
          ]
        ]
      }
    },
    {
      "type": "Feature",
      "properties": {
        "name": "Genesee Avenue",
        "kind": "lane"
      },
      "geometry": {
        "type": "LineString",
        "coordinates": [
          [
            -117.2403499,
            32.8917739
          ],
          [
            -117.2402707,
            32.8916941
          ],
          [
            -117.2402491,
            32.8916745
          ],
          [
            -117.2401389,
            32.8915764
          ],
          [
            -117.2399925,
            32.8914522
          ]
        ]
      }
    },
    {
      "type": "Feature",
      "properties": {
        "name": "North Torrey Pines Road",
        "kind": "lane"
      },
      "geometry": {
        "type": "LineString",
        "coordinates": [
          [
            -117.241799,
            32.8907223
          ],
          [
            -117.2417248,
            32.8907906
          ],
          [
            -117.2415989,
            32.8909066
          ],
          [
            -117.2413877,
            32.8910796
          ]
        ]
      }
    },
    {
      "type": "Feature",
      "properties": {
        "name": "North Torrey Pines Road",
        "kind": "lane"
      },
      "geometry": {
        "type": "LineString",
        "coordinates": [
          [
            -117.2419817,
            32.8905104
          ],
          [
            -117.2419581,
            32.8905378
          ],
          [
            -117.241799,
            32.8907223
          ]
        ]
      }
    },
    {
      "type": "Feature",
      "properties": {
        "name": "North Torrey Pines Road",
        "kind": "lane"
      },
      "geometry": {
        "type": "LineString",
        "coordinates": [
          [
            -117.2414017,
            32.8950309
          ],
          [
            -117.2413857,
            32.8949507
          ],
          [
            -117.2413194,
            32.8946183
          ],
          [
            -117.2411593,
            32.8938005
          ]
        ]
      }
    },
    {
      "type": "Feature",
      "properties": {
        "name": "North Torrey Pines Road",
        "kind": "lane"
      },
      "geometry": {
        "type": "LineString",
        "coordinates": [
          [
            -117.2428011,
            32.8896184
          ],
          [
            -117.2428831,
            32.889495
          ],
          [
            -117.2429235,
            32.8894342
          ]
        ]
      }
    },
    {
      "type": "Feature",
      "properties": {
        "name": "John Jay Hopkins Drive",
        "kind": "lane"
      },
      "geometry": {
        "type": "LineString",
        "coordinates": [
          [
            -117.2397578,
            32.8958725
          ],
          [
            -117.2396939,
            32.8961276
          ]
        ]
      }
    },
    {
      "type": "Feature",
      "properties": {
        "name": "North Torrey Pines Road",
        "kind": "lane"
      },
      "geometry": {
        "type": "LineString",
        "coordinates": [
          [
            -117.2420514,
            32.8981433
          ],
          [
            -117.2420392,
            32.8980626
          ]
        ]
      }
    },
    {
      "type": "Feature",
      "properties": {
        "name": "North Torrey Pines Road",
        "kind": "lane"
      },
      "geometry": {
        "type": "LineString",
        "coordinates": [
          [
            -117.2429265,
            32.9032682
          ],
          [
            -117.2431527,
            32.9042553
          ]
        ]
      }
    },
    {
      "type": "Feature",
      "properties": {
        "name": "John Jay Hopkins Drive",
        "kind": "lane"
      },
      "geometry": {
        "type": "LineString",
        "coordinates": [
          [
            -117.2420392,
            32.8980626
          ],
          [
            -117.241837,
            32.8980872
          ]
        ]
      }
    },
    {
      "type": "Feature",
      "properties": {
        "name": "John Jay Hopkins Drive",
        "kind": "shared"
      },
      "geometry": {
        "type": "LineString",
        "coordinates": [
          [
            -117.2418558,
            32.898172
          ],
          [
            -117.2420514,
            32.8981433
          ]
        ]
      }
    },
    {
      "type": "Feature",
      "properties": {
        "name": "North Torrey Pines Road",
        "kind": "lane"
      },
      "geometry": {
        "type": "LineString",
        "coordinates": [
          [
            -117.2433951,
            32.9045293
          ],
          [
            -117.243332,
            32.9042325
          ]
        ]
      }
    },
    {
      "type": "Feature",
      "properties": {
        "name": "North Torrey Pines Road",
        "kind": "lane"
      },
      "geometry": {
        "type": "LineString",
        "coordinates": [
          [
            -117.243332,
            32.9042325
          ],
          [
            -117.24326,
            32.903863
          ],
          [
            -117.243242,
            32.903775
          ]
        ]
      }
    },
    {
      "type": "Feature",
      "properties": {
        "name": "North Torrey Pines Road",
        "kind": "lane"
      },
      "geometry": {
        "type": "LineString",
        "coordinates": [
          [
            -117.2431527,
            32.9042553
          ],
          [
            -117.2431931,
            32.9044959
          ]
        ]
      }
    },
    {
      "type": "Feature",
      "properties": {
        "name": "North Torrey Pines Road",
        "kind": "lane"
      },
      "geometry": {
        "type": "LineString",
        "coordinates": [
          [
            -117.2410195,
            32.8942018
          ],
          [
            -117.2411744,
            32.8949474
          ],
          [
            -117.2411816,
            32.8949823
          ],
          [
            -117.2411987,
            32.8950646
          ]
        ]
      }
    },
    {
      "type": "Feature",
      "properties": {
        "name": "North Torrey Pines Road",
        "kind": "shared"
      },
      "geometry": {
        "type": "LineString",
        "coordinates": [
          [
            -117.2417365,
            32.8975896
          ],
          [
            -117.2418224,
            32.8980183
          ],
          [
            -117.241837,
            32.8980872
          ]
        ]
      }
    },
    {
      "type": "Feature",
      "properties": {
        "name": "North Torrey Pines Road",
        "kind": "lane"
      },
      "geometry": {
        "type": "LineString",
        "coordinates": [
          [
            -117.2411987,
            32.8950646
          ],
          [
            -117.2416777,
            32.8973383
          ]
        ]
      }
    },
    {
      "type": "Feature",
      "properties": {
        "name": "North Torrey Pines Road",
        "kind": "lane"
      },
      "geometry": {
        "type": "LineString",
        "coordinates": [
          [
            -117.242596,
            32.901695
          ],
          [
            -117.2426168,
            32.9018143
          ],
          [
            -117.2426941,
            32.902166
          ],
          [
            -117.2427695,
            32.9025126
          ],
          [
            -117.2428352,
            32.9028149
          ],
          [
            -117.2428582,
            32.902929
          ]
        ]
      }
    },
    {
      "type": "Feature",
      "properties": {
        "name": "North Torrey Pines Road",
        "kind": "lane"
      },
      "geometry": {
        "type": "LineString",
        "coordinates": [
          [
            -117.242273,
            32.9001553
          ],
          [
            -117.2423357,
            32.9004735
          ]
        ]
      }
    },
    {
      "type": "Feature",
      "properties": {
        "name": "North Torrey Pines Road",
        "kind": "lane"
      },
      "geometry": {
        "type": "LineString",
        "coordinates": [
          [
            -117.2428582,
            32.902929
          ],
          [
            -117.2428626,
            32.9029508
          ],
          [
            -117.2429265,
            32.9032682
          ]
        ]
      }
    },
    {
      "type": "Feature",
      "properties": {
        "name": "North Torrey Pines Road",
        "kind": "lane"
      },
      "geometry": {
        "type": "LineString",
        "coordinates": [
          [
            -117.2420916,
            32.89933
          ],
          [
            -117.242273,
            32.9001553
          ]
        ]
      }
    },
    {
      "type": "Feature",
      "properties": {
        "name": "North Torrey Pines Road",
        "kind": "lane"
      },
      "geometry": {
        "type": "LineString",
        "coordinates": [
          [
            -117.2424067,
            32.9008383
          ],
          [
            -117.2425714,
            32.9015836
          ],
          [
            -117.242596,
            32.901695
          ]
        ]
      }
    },
    {
      "type": "Feature",
      "properties": {
        "name": "North Torrey Pines Road",
        "kind": "lane"
      },
      "geometry": {
        "type": "LineString",
        "coordinates": [
          [
            -117.2430884,
            32.9029957
          ],
          [
            -117.2429857,
            32.9025149
          ],
          [
            -117.2429355,
            32.9023013
          ]
        ]
      }
    },
    {
      "type": "Feature",
      "properties": {
        "name": "North Torrey Pines Road",
        "kind": "lane"
      },
      "geometry": {
        "type": "LineString",
        "coordinates": [
          [
            -117.2427934,
            32.9016567
          ],
          [
            -117.2427599,
            32.9014697
          ],
          [
            -117.2425613,
            32.9004614
          ],
          [
            -117.2424659,
            32.900044
          ],
          [
            -117.2423272,
            32.8994219
          ],
          [
            -117.2422149,
            32.8989057
          ]
        ]
      }
    },
    {
      "type": "Feature",
      "properties": {
        "name": "North Torrey Pines Road",
        "kind": "shared"
      },
      "geometry": {
        "type": "LineString",
        "coordinates": [
          [
            -117.2429355,
            32.9023013
          ],
          [
            -117.2428198,
            32.9017816
          ],
          [
            -117.2428125,
            32.901749
          ],
          [
            -117.2427934,
            32.9016567
          ]
        ]
      }
    },
    {
      "type": "Feature",
      "properties": {
        "name": "North Torrey Pines Road",
        "kind": "lane"
      },
      "geometry": {
        "type": "LineString",
        "coordinates": [
          [
            -117.2418558,
            32.898172
          ],
          [
            -117.2418683,
            32.8982268
          ],
          [
            -117.2419641,
            32.8987003
          ]
        ]
      }
    },
    {
      "type": "Feature",
      "properties": {
        "name": "North Torrey Pines Road",
        "kind": "shared"
      },
      "geometry": {
        "type": "LineString",
        "coordinates": [
          [
            -117.2421935,
            32.8988132
          ],
          [
            -117.2420668,
            32.8982256
          ],
          [
            -117.242061,
            32.898198
          ],
          [
            -117.2420514,
            32.8981433
          ]
        ]
      }
    },
    {
      "type": "Feature",
      "properties": {
        "name": "John Jay Hopkins Drive",
        "kind": "shared"
      },
      "geometry": {
        "type": "LineString",
        "coordinates": [
          [
            -117.241379,
            32.8981903
          ],
          [
            -117.2416855,
            32.8981829
          ],
          [
            -117.2417234,
            32.8981821
          ],
          [
            -117.2418558,
            32.898172
          ]
        ]
      }
    },
    {
      "type": "Feature",
      "properties": {
        "name": "John Jay Hopkins Drive",
        "kind": "shared"
      },
      "geometry": {
        "type": "LineString",
        "coordinates": [
          [
            -117.2410081,
            32.8981901
          ],
          [
            -117.241098,
            32.8981944
          ],
          [
            -117.241379,
            32.8981903
          ]
        ]
      }
    },
    {
      "type": "Feature",
      "properties": {
        "name": "John Jay Hopkins Drive",
        "kind": "lane"
      },
      "geometry": {
        "type": "LineString",
        "coordinates": [
          [
            -117.239328,
            32.89399
          ],
          [
            -117.2393578,
            32.8940903
          ],
          [
            -117.2394477,
            32.894359
          ],
          [
            -117.23973,
            32.8951189
          ],
          [
            -117.2397918,
            32.8954562
          ],
          [
            -117.2397915,
            32.8955498
          ]
        ]
      }
    },
    {
      "type": "Feature",
      "properties": {
        "name": "John Jay Hopkins Drive",
        "kind": "lane"
      },
      "geometry": {
        "type": "LineString",
        "coordinates": [
          [
            -117.2397915,
            32.8955498
          ],
          [
            -117.2397927,
            32.8956433
          ],
          [
            -117.2397578,
            32.8958725
          ]
        ]
      }
    },
    {
      "type": "Feature",
      "properties": {
        "name": "John Jay Hopkins Drive",
        "kind": "lane"
      },
      "geometry": {
        "type": "LineString",
        "coordinates": [
          [
            -117.2406378,
            32.8981384
          ],
          [
            -117.240728,
            32.898156
          ],
          [
            -117.2407789,
            32.8981659
          ],
          [
            -117.2408983,
            32.8981812
          ],
          [
            -117.2410081,
            32.8981901
          ]
        ]
      }
    },
    {
      "type": "Feature",
      "properties": {
        "name": "John Jay Hopkins Drive",
        "kind": "lane"
      },
      "geometry": {
        "type": "LineString",
        "coordinates": [
          [
            -117.2403441,
            32.8980234
          ],
          [
            -117.2406378,
            32.8981384
          ]
        ]
      }
    },
    {
      "type": "Feature",
      "properties": {
        "name": "North Torrey Pines Road",
        "kind": "lane"
      },
      "geometry": {
        "type": "LineString",
        "coordinates": [
          [
            -117.2419641,
            32.8987003
          ],
          [
            -117.2420916,
            32.89933
          ]
        ]
      }
    },
    {
      "type": "Feature",
      "properties": {
        "name": "North Torrey Pines Road",
        "kind": "shared"
      },
      "geometry": {
        "type": "LineString",
        "coordinates": [
          [
            -117.2422149,
            32.8989057
          ],
          [
            -117.2421935,
            32.8988132
          ]
        ]
      }
    },
    {
      "type": "Feature",
      "properties": {
        "name": "North Torrey Pines Road",
        "kind": "lane"
      },
      "geometry": {
        "type": "LineString",
        "coordinates": [
          [
            -117.2423357,
            32.9004735
          ],
          [
            -117.2424067,
            32.9008383
          ]
        ]
      }
    },
    {
      "type": "Feature",
      "properties": {
        "name": "North Torrey Pines Road",
        "kind": "lane"
      },
      "geometry": {
        "type": "LineString",
        "coordinates": [
          [
            -117.243242,
            32.903775
          ],
          [
            -117.2431701,
            32.9034222
          ]
        ]
      }
    },
    {
      "type": "Feature",
      "properties": {
        "name": "North Torrey Pines Road",
        "kind": "shared"
      },
      "geometry": {
        "type": "LineString",
        "coordinates": [
          [
            -117.2416777,
            32.8973383
          ],
          [
            -117.2417365,
            32.8975896
          ]
        ]
      }
    },
    {
      "type": "Feature",
      "properties": {
        "name": "John Jay Hopkins Drive",
        "kind": "lane"
      },
      "geometry": {
        "type": "LineString",
        "coordinates": [
          [
            -117.2397335,
            32.8964306
          ],
          [
            -117.2398819,
            32.8958919
          ]
        ]
      }
    },
    {
      "type": "Feature",
      "properties": {
        "name": "North Torrey Pines Road",
        "kind": "shared"
      },
      "geometry": {
        "type": "LineString",
        "coordinates": [
          [
            -117.241837,
            32.8980872
          ],
          [
            -117.2418558,
            32.898172
          ]
        ]
      }
    },
    {
      "type": "Feature",
      "properties": {
        "name": "John Jay Hopkins Drive",
        "kind": "lane"
      },
      "geometry": {
        "type": "LineString",
        "coordinates": [
          [
            -117.2406691,
            32.8980688
          ],
          [
            -117.2405326,
            32.8980242
          ],
          [
            -117.2403887,
            32.8979628
          ],
          [
            -117.2402829,
            32.8979045
          ],
          [
            -117.240174,
            32.8978404
          ],
          [
            -117.240088,
            32.8977749
          ],
          [
            -117.2399866,
            32.8976811
          ],
          [
            -117.2398752,
            32.8975598
          ],
          [
            -117.2397833,
            32.8974336
          ],
          [
            -117.2397304,
            32.8973101
          ],
          [
            -117.2396794,
            32.8971613
          ],
          [
            -117.2396512,
            32.8970316
          ],
          [
            -117.2396425,
            32.8969177
          ],
          [
            -117.2396525,
            32.8967997
          ],
          [
            -117.2396708,
            32.8966583
          ],
          [
            -117.2397335,
            32.8964306
          ]
        ]
      }
    },
    {
      "type": "Feature",
      "properties": {
        "name": "North Torrey Pines Road",
        "kind": "lane"
      },
      "geometry": {
        "type": "LineString",
        "coordinates": [
          [
            -117.2420392,
            32.8980626
          ],
          [
            -117.2419927,
            32.8978192
          ],
          [
            -117.2416976,
            32.8964144
          ],
          [
            -117.2415113,
            32.8955435
          ]
        ]
      }
    },
    {
      "type": "Feature",
      "properties": {
        "name": "John Jay Hopkins Drive",
        "kind": "lane"
      },
      "geometry": {
        "type": "LineString",
        "coordinates": [
          [
            -117.241837,
            32.8980872
          ],
          [
            -117.2417104,
            32.8981022
          ],
          [
            -117.2412724,
            32.8981152
          ],
          [
            -117.2411391,
            32.8981157
          ]
        ]
      }
    },
    {
      "type": "Feature",
      "properties": {
        "name": "North Torrey Pines Road",
        "kind": "lane"
      },
      "geometry": {
        "type": "LineString",
        "coordinates": [
          [
            -117.2431701,
            32.9034222
          ],
          [
            -117.2430884,
            32.9029957
          ]
        ]
      }
    },
    {
      "type": "Feature",
      "properties": {
        "name": "John Jay Hopkins Drive",
        "kind": "lane"
      },
      "geometry": {
        "type": "LineString",
        "coordinates": [
          [
            -117.2396939,
            32.8961276
          ],
          [
            -117.2395628,
            32.8966629
          ],
          [
            -117.2395385,
            32.8968557
          ],
          [
            -117.2395479,
            32.8970626
          ],
          [
            -117.239594,
            32.8972338
          ],
          [
            -117.2397183,
            32.8974894
          ],
          [
            -117.23984,
            32.8976552
          ],
          [
            -117.2399421,
            32.8977635
          ],
          [
            -117.2400821,
            32.8978777
          ],
          [
            -117.2403044,
            32.8980077
          ],
          [
            -117.2403441,
            32.8980234
          ]
        ]
      }
    },
    {
      "type": "Feature",
      "properties": {
        "name": "John Jay Hopkins Drive",
        "kind": "lane"
      },
      "geometry": {
        "type": "LineString",
        "coordinates": [
          [
            -117.2398819,
            32.8958919
          ],
          [
            -117.2399145,
            32.8956842
          ],
          [
            -117.2399315,
            32.8954538
          ],
          [
            -117.2399083,
            32.89531
          ],
          [
            -117.2398932,
            32.8952161
          ],
          [
            -117.2395534,
            32.8942691
          ]
        ]
      }
    },
    {
      "type": "Feature",
      "properties": {
        "name": "John Jay Hopkins Drive",
        "kind": "lane"
      },
      "geometry": {
        "type": "LineString",
        "coordinates": [
          [
            -117.2395534,
            32.8942691
          ],
          [
            -117.2394899,
            32.8940921
          ],
          [
            -117.2394823,
            32.8940666
          ],
          [
            -117.2394509,
            32.893962
          ]
        ]
      }
    },
    {
      "type": "Feature",
      "properties": {
        "name": "North Torrey Pines Road",
        "kind": "lane"
      },
      "geometry": {
        "type": "LineString",
        "coordinates": [
          [
            -117.241453,
            32.8952709
          ],
          [
            -117.2414222,
            32.895127
          ],
          [
            -117.2414017,
            32.8950309
          ]
        ]
      }
    },
    {
      "type": "Feature",
      "properties": {
        "name": "North Torrey Pines Road",
        "kind": "lane"
      },
      "geometry": {
        "type": "LineString",
        "coordinates": [
          [
            -117.2415113,
            32.8955435
          ],
          [
            -117.241453,
            32.8952709
          ]
        ]
      }
    },
    {
      "type": "Feature",
      "properties": {
        "name": "John Jay Hopkins Drive",
        "kind": "lane"
      },
      "geometry": {
        "type": "LineString",
        "coordinates": [
          [
            -117.2411391,
            32.8981157
          ],
          [
            -117.2410581,
            32.898116
          ],
          [
            -117.2409667,
            32.8981115
          ],
          [
            -117.2409004,
            32.8981082
          ],
          [
            -117.2408033,
            32.8980958
          ],
          [
            -117.2407542,
            32.8980859
          ],
          [
            -117.2406691,
            32.8980688
          ]
        ]
      }
    },
    {
      "type": "Feature",
      "properties": {
        "name": "Genesee Avenue",
        "kind": "lane"
      },
      "geometry": {
        "type": "LineString",
        "coordinates": [
          [
            -117.2001277,
            32.8450347
          ],
          [
            -117.2005388,
            32.8454119
          ]
        ]
      }
    },
    {
      "type": "Feature",
      "properties": {
        "name": "Genesee Avenue",
        "kind": "lane"
      },
      "geometry": {
        "type": "LineString",
        "coordinates": [
          [
            -117.2007157,
            32.8453704
          ],
          [
            -117.2002611,
            32.8449718
          ]
        ]
      }
    },
    {
      "type": "Feature",
      "properties": {
        "name": "Genesee Avenue",
        "kind": "lane"
      },
      "geometry": {
        "type": "LineString",
        "coordinates": [
          [
            -117.2002611,
            32.8449718
          ],
          [
            -117.2001616,
            32.8448821
          ],
          [
            -117.2001371,
            32.84486
          ],
          [
            -117.2000598,
            32.8447904
          ]
        ]
      }
    },
    {
      "type": "Feature",
      "properties": {
        "name": "Genesee Avenue",
        "kind": "lane"
      },
      "geometry": {
        "type": "LineString",
        "coordinates": [
          [
            -117.1959094,
            32.8377506
          ],
          [
            -117.1959505,
            32.8378552
          ],
          [
            -117.1959538,
            32.8378652
          ],
          [
            -117.1960088,
            32.8380072
          ],
          [
            -117.1963089,
            32.8387969
          ],
          [
            -117.1966241,
            32.8397704
          ],
          [
            -117.1973065,
            32.8416337
          ],
          [
            -117.1974901,
            32.8421358
          ],
          [
            -117.1976403,
            32.8424152
          ],
          [
            -117.1977583,
            32.842618
          ],
          [
            -117.1979944,
            32.8429831
          ],
          [
            -117.1981446,
            32.8431634
          ],
          [
            -117.1983967,
            32.8434428
          ],
          [
            -117.1986864,
            32.8437222
          ],
          [
            -117.1990297,
            32.8440738
          ],
          [
            -117.1993351,
            32.8443489
          ]
        ]
      }
    },
    {
      "type": "Feature",
      "properties": {
        "name": "Genesee Avenue",
        "kind": "lane"
      },
      "geometry": {
        "type": "LineString",
        "coordinates": [
          [
            -117.1999229,
            32.8448706
          ],
          [
            -117.2000223,
            32.8449502
          ],
          [
            -117.2001277,
            32.8450347
          ]
        ]
      }
    },
    {
      "type": "Feature",
      "properties": {
        "name": "Genesee Avenue",
        "kind": "lane"
      },
      "geometry": {
        "type": "LineString",
        "coordinates": [
          [
            -117.2000598,
            32.8447904
          ],
          [
            -117.1999556,
            32.8446916
          ]
        ]
      }
    },
    {
      "type": "Feature",
      "properties": {
        "name": "Genesee Avenue",
        "kind": "lane"
      },
      "geometry": {
        "type": "LineString",
        "coordinates": [
          [
            -117.1999556,
            32.8446916
          ],
          [
            -117.19895,
            32.8437865
          ],
          [
            -117.1986557,
            32.8434902
          ],
          [
            -117.1983778,
            32.8431958
          ],
          [
            -117.1980744,
            32.8428062
          ],
          [
            -117.1977985,
            32.8423841
          ],
          [
            -117.1976275,
            32.8420585
          ],
          [
            -117.1973959,
            32.8415047
          ],
          [
            -117.1967302,
            32.8397567
          ],
          [
            -117.1962341,
            32.8382885
          ]
        ]
      }
    },
    {
      "type": "Feature",
      "properties": {
        "name": "Genesee Avenue",
        "kind": "lane"
      },
      "geometry": {
        "type": "LineString",
        "coordinates": [
          [
            -117.2011447,
            32.8457419
          ],
          [
            -117.200999,
            32.8456168
          ],
          [
            -117.2007157,
            32.8453704
          ]
        ]
      }
    },
    {
      "type": "Feature",
      "properties": {
        "name": "North Torrey Pines Road",
        "kind": "lane"
      },
      "geometry": {
        "type": "LineString",
        "coordinates": [
          [
            -117.2435159,
            32.9051088
          ],
          [
            -117.2435094,
            32.905079
          ],
          [
            -117.2434263,
            32.9046715
          ],
          [
            -117.2433951,
            32.9045293
          ]
        ]
      }
    },
    {
      "type": "Feature",
      "properties": {
        "name": "North Torrey Pines Road",
        "kind": "lane"
      },
      "geometry": {
        "type": "LineString",
        "coordinates": [
          [
            -117.2431931,
            32.9044959
          ],
          [
            -117.2432131,
            32.9045947
          ],
          [
            -117.2432859,
            32.9049312
          ]
        ]
      }
    },
    {
      "type": "Feature",
      "properties": {
        "name": "Campus Point Drive",
        "kind": "shared"
      },
      "geometry": {
        "type": "LineString",
        "coordinates": [
          [
            -117.2220657,
            32.8875489
          ],
          [
            -117.2219672,
            32.887262
          ],
          [
            -117.2218093,
            32.8868673
          ],
          [
            -117.2217222,
            32.8866763
          ],
          [
            -117.2208841,
            32.8851494
          ],
          [
            -117.2206807,
            32.8847655
          ],
          [
            -117.2205686,
            32.8845603
          ],
          [
            -117.2204207,
            32.8843523
          ],
          [
            -117.2199781,
            32.8837816
          ],
          [
            -117.2198694,
            32.8835915
          ],
          [
            -117.2197953,
            32.8834471
          ],
          [
            -117.2197509,
            32.883324
          ],
          [
            -117.2197242,
            32.88321
          ],
          [
            -117.2197143,
            32.8830867
          ],
          [
            -117.219725,
            32.8829729
          ],
          [
            -117.2197672,
            32.8828099
          ]
        ]
      }
    },
    {
      "type": "Feature",
      "properties": {
        "name": "Campus Point Drive",
        "kind": "lane"
      },
      "geometry": {
        "type": "LineString",
        "coordinates": [
          [
            -117.2233861,
            32.8822534
          ],
          [
            -117.2235207,
            32.8820969
          ],
          [
            -117.2235522,
            32.8820398
          ],
          [
            -117.2235726,
            32.8819603
          ],
          [
            -117.2236016,
            32.88185
          ],
          [
            -117.2236102,
            32.8817803
          ],
          [
            -117.2236199,
            32.8816403
          ],
          [
            -117.2236071,
            32.8814482
          ]
        ]
      }
    },
    {
      "type": "Feature",
      "properties": {
        "name": "Genesee Avenue",
        "kind": "lane"
      },
      "geometry": {
        "type": "LineString",
        "coordinates": [
          [
            -117.2271662,
            32.8872364
          ],
          [
            -117.2282808,
            32.8874619
          ]
        ]
      }
    },
    {
      "type": "Feature",
      "properties": {
        "name": "Genesee Avenue",
        "kind": "lane"
      },
      "geometry": {
        "type": "LineString",
        "coordinates": [
          [
            -117.22718,
            32.8870058
          ],
          [
            -117.2271054,
            32.886991
          ],
          [
            -117.2270151,
            32.8869732
          ],
          [
            -117.226917,
            32.8869538
          ]
        ]
      }
    },
    {
      "type": "Feature",
      "properties": {
        "name": "Voigt Drive",
        "kind": "lane"
      },
      "geometry": {
        "type": "LineString",
        "coordinates": [
          [
            -117.2277385,
            32.8819621
          ],
          [
            -117.2276793,
            32.8819866
          ],
          [
            -117.227396,
            32.8821038
          ]
        ]
      }
    },
    {
      "type": "Feature",
      "properties": {
        "name": "Genesee Avenue",
        "kind": "lane"
      },
      "geometry": {
        "type": "LineString",
        "coordinates": [
          [
            -117.22687,
            32.8871754
          ],
          [
            -117.2271662,
            32.8872364
          ]
        ]
      }
    },
    {
      "type": "Feature",
      "properties": {
        "name": "Genesee Avenue",
        "kind": "lane"
      },
      "geometry": {
        "type": "LineString",
        "coordinates": [
          [
            -117.2258423,
            32.8867414
          ],
          [
            -117.2246078,
            32.8864877
          ],
          [
            -117.2241576,
            32.886335
          ],
          [
            -117.2238421,
            32.8861889
          ],
          [
            -117.2235246,
            32.8859896
          ],
          [
            -117.2233384,
            32.8858412
          ],
          [
            -117.2230824,
            32.8856095
          ],
          [
            -117.2228678,
            32.8853503
          ],
          [
            -117.2226925,
            32.8850991
          ]
        ]
      }
    },
    {
      "type": "Feature",
      "properties": {
        "name": "Genesee Avenue",
        "kind": "lane"
      },
      "geometry": {
        "type": "LineString",
        "coordinates": [
          [
            -117.2202007,
            32.8819912
          ],
          [
            -117.2201202,
            32.8819233
          ],
          [
            -117.220052,
            32.881865
          ],
          [
            -117.2197803,
            32.8816722
          ],
          [
            -117.2193434,
            32.8813888
          ],
          [
            -117.2190289,
            32.8812138
          ]
        ]
      }
    },
    {
      "type": "Feature",
      "properties": {
        "name": "Genesee Avenue",
        "kind": "lane"
      },
      "geometry": {
        "type": "LineString",
        "coordinates": [
          [
            -117.2202847,
            32.8820585
          ],
          [
            -117.2202007,
            32.8819912
          ]
        ]
      }
    },
    {
      "type": "Feature",
      "properties": {
        "name": "Genesee Avenue",
        "kind": "lane"
      },
      "geometry": {
        "type": "LineString",
        "coordinates": [
          [
            -117.2208729,
            32.8825649
          ],
          [
            -117.2206576,
            32.882371
          ],
          [
            -117.2204351,
            32.8821845
          ],
          [
            -117.2204103,
            32.8821638
          ]
        ]
      }
    },
    {
      "type": "Feature",
      "properties": {
        "name": "Genesee Avenue",
        "kind": "lane"
      },
      "geometry": {
        "type": "LineString",
        "coordinates": [
          [
            -117.2211363,
            32.8828322
          ],
          [
            -117.2211281,
            32.8828234
          ],
          [
            -117.2208729,
            32.8825649
          ]
        ]
      }
    },
    {
      "type": "Feature",
      "properties": {
        "name": "Genesee Avenue",
        "kind": "lane"
      },
      "geometry": {
        "type": "LineString",
        "coordinates": [
          [
            -117.2282808,
            32.8874619
          ],
          [
            -117.2283664,
            32.8874807
          ],
          [
            -117.228573,
            32.887526
          ]
        ]
      }
    },
    {
      "type": "Feature",
      "properties": {
        "name": "Genesee Avenue",
        "kind": "lane"
      },
      "geometry": {
        "type": "LineString",
        "coordinates": [
          [
            -117.2283009,
            32.8872282
          ],
          [
            -117.22718,
            32.8870058
          ]
        ]
      }
    },
    {
      "type": "Feature",
      "properties": {
        "name": "Genesee Avenue",
        "kind": "lane"
      },
      "geometry": {
        "type": "LineString",
        "coordinates": [
          [
            -117.2201287,
            32.8821266
          ],
          [
            -117.2203027,
            32.8822606
          ],
          [
            -117.2203126,
            32.8822682
          ],
          [
            -117.2207241,
            32.8826542
          ],
          [
            -117.2209876,
            32.8829207
          ],
          [
            -117.2213087,
            32.8832883
          ],
          [
            -117.2217319,
            32.8838519
          ]
        ]
      }
    },
    {
      "type": "Feature",
      "properties": {
        "name": "Genesee Avenue",
        "kind": "lane"
      },
      "geometry": {
        "type": "LineString",
        "coordinates": [
          [
            -117.2222219,
            32.8846394
          ],
          [
            -117.222271,
            32.8847281
          ],
          [
            -117.222461,
            32.88506
          ],
          [
            -117.2226318,
            32.8853047
          ],
          [
            -117.2228799,
            32.8855998
          ],
          [
            -117.2231223,
            32.8858398
          ],
          [
            -117.2233826,
            32.8860503
          ],
          [
            -117.2236631,
            32.8862371
          ],
          [
            -117.2239961,
            32.8864304
          ],
          [
            -117.2243229,
            32.8865762
          ],
          [
            -117.2246034,
            32.8866803
          ],
          [
            -117.2249655,
            32.886779
          ],
          [
            -117.2252144,
            32.8868371
          ]
        ]
      }
    },
    {
      "type": "Feature",
      "properties": {
        "name": "Genesee Avenue",
        "kind": "lane"
      },
      "geometry": {
        "type": "LineString",
        "coordinates": [
          [
            -117.221576,
            32.8833301
          ],
          [
            -117.2213693,
            32.8830815
          ]
        ]
      }
    },
    {
      "type": "Feature",
      "properties": {
        "name": "Genesee Avenue",
        "kind": "lane"
      },
      "geometry": {
        "type": "LineString",
        "coordinates": [
          [
            -117.2226925,
            32.8850991
          ],
          [
            -117.2224556,
            32.8847236
          ],
          [
            -117.2224102,
            32.8846455
          ]
        ]
      }
    },
    {
      "type": "Feature",
      "properties": {
        "name": "Genesee Avenue",
        "kind": "lane"
      },
      "geometry": {
        "type": "LineString",
        "coordinates": [
          [
            -117.219356,
            32.8816018
          ],
          [
            -117.2195539,
            32.8817133
          ]
        ]
      }
    },
    {
      "type": "Feature",
      "properties": {
        "name": "Genesee Avenue",
        "kind": "lane"
      },
      "geometry": {
        "type": "LineString",
        "coordinates": [
          [
            -117.2223545,
            32.8845605
          ],
          [
            -117.2222968,
            32.8844677
          ],
          [
            -117.221576,
            32.8833301
          ]
        ]
      }
    },
    {
      "type": "Feature",
      "properties": {
        "name": "Genesee Avenue",
        "kind": "lane"
      },
      "geometry": {
        "type": "LineString",
        "coordinates": [
          [
            -117.2195539,
            32.8817133
          ],
          [
            -117.2197256,
            32.8818201
          ],
          [
            -117.2199402,
            32.8819688
          ],
          [
            -117.2200018,
            32.8820203
          ],
          [
            -117.2200292,
            32.8820431
          ],
          [
            -117.2201287,
            32.8821266
          ]
        ]
      }
    },
    {
      "type": "Feature",
      "properties": {
        "name": "Genesee Avenue",
        "kind": "lane"
      },
      "geometry": {
        "type": "LineString",
        "coordinates": [
          [
            -117.2217319,
            32.8838519
          ],
          [
            -117.2221531,
            32.8845233
          ],
          [
            -117.2221657,
            32.8845416
          ],
          [
            -117.2222219,
            32.8846394
          ]
        ]
      }
    },
    {
      "type": "Feature",
      "properties": {
        "name": "Voigt Drive",
        "kind": "lane"
      },
      "geometry": {
        "type": "LineString",
        "coordinates": [
          [
            -117.227396,
            32.8821038
          ],
          [
            -117.227173,
            32.8821913
          ],
          [
            -117.2268842,
            32.8822888
          ],
          [
            -117.2265842,
            32.8823685
          ],
          [
            -117.2262661,
            32.8824384
          ],
          [
            -117.2260122,
            32.8824819
          ],
          [
            -117.2255994,
            32.8825254
          ],
          [
            -117.2253006,
            32.8825399
          ],
          [
            -117.2250594,
            32.8825414
          ],
          [
            -117.2248452,
            32.8825343
          ],
          [
            -117.2247113,
            32.8825254
          ],
          [
            -117.2245681,
            32.8825129
          ]
        ]
      }
    },
    {
      "type": "Feature",
      "properties": {
        "name": "Voigt Drive",
        "kind": "lane"
      },
      "geometry": {
        "type": "LineString",
        "coordinates": [
          [
            -117.2227775,
            32.8820385
          ],
          [
            -117.2231601,
            32.8822166
          ],
          [
            -117.2232228,
            32.8822268
          ],
          [
            -117.2233861,
            32.8822534
          ]
        ]
      }
    },
    {
      "type": "Feature",
      "properties": {
        "name": null,
        "kind": "track"
      },
      "geometry": {
        "type": "LineString",
        "coordinates": [
          [
            -117.2289573,
            32.887765
          ],
          [
            -117.2288957,
            32.8877731
          ],
          [
            -117.2288407,
            32.8877874
          ],
          [
            -117.2287752,
            32.8878095
          ],
          [
            -117.2287235,
            32.8878328
          ],
          [
            -117.2286668,
            32.8878741
          ],
          [
            -117.2285731,
            32.8879818
          ],
          [
            -117.2285282,
            32.8880805
          ],
          [
            -117.228366,
            32.8886313
          ],
          [
            -117.2282832,
            32.888959
          ],
          [
            -117.2281786,
            32.8894633
          ],
          [
            -117.2281061,
            32.8897969
          ],
          [
            -117.2280805,
            32.8898904
          ],
          [
            -117.228031,
            32.8900199
          ],
          [
            -117.2280019,
            32.890115
          ],
          [
            -117.2278735,
            32.890707
          ],
          [
            -117.2277662,
            32.8912132
          ],
          [
            -117.2277147,
            32.8914629
          ],
          [
            -117.2276721,
            32.8917593
          ],
          [
            -117.2276076,
            32.8922994
          ],
          [
            -117.2275479,
            32.8927464
          ],
          [
            -117.2274923,
            32.893105
          ],
          [
            -117.2274295,
            32.8934513
          ],
          [
            -117.2273574,
            32.8937941
          ],
          [
            -117.2272742,
            32.8941183
          ],
          [
            -117.2271661,
            32.8944821
          ],
          [
            -117.2270538,
            32.8948121
          ],
          [
            -117.2268211,
            32.8954263
          ],
          [
            -117.2265773,
            32.8960451
          ],
          [
            -117.226371,
            32.8965671
          ],
          [
            -117.2261954,
            32.8970476
          ]
        ]
      }
    },
    {
      "type": "Feature",
      "properties": {
        "name": "Campus Point Drive",
        "kind": "lane"
      },
      "geometry": {
        "type": "LineString",
        "coordinates": [
          [
            -117.2201287,
            32.8821266
          ],
          [
            -117.2202847,
            32.8820585
          ]
        ]
      }
    },
    {
      "type": "Feature",
      "properties": {
        "name": "Campus Point Drive",
        "kind": "lane"
      },
      "geometry": {
        "type": "LineString",
        "coordinates": [
          [
            -117.2211015,
            32.8813885
          ],
          [
            -117.2208786,
            32.8814828
          ],
          [
            -117.2207254,
            32.8815629
          ],
          [
            -117.2205487,
            32.8816811
          ],
          [
            -117.2203396,
            32.8818603
          ],
          [
            -117.2203334,
            32.8818662
          ],
          [
            -117.2203108,
            32.8818876
          ],
          [
            -117.2202007,
            32.8819912
          ]
        ]
      }
    },
    {
      "type": "Feature",
      "properties": {
        "name": "Genesee Avenue",
        "kind": "lane"
      },
      "geometry": {
        "type": "LineString",
        "coordinates": [
          [
            -117.228607,
            32.8872956
          ],
          [
            -117.2284715,
            32.8872662
          ],
          [
            -117.2283009,
            32.8872282
          ]
        ]
      }
    },
    {
      "type": "Feature",
      "properties": {
        "name": null,
        "kind": "track"
      },
      "geometry": {
        "type": "LineString",
        "coordinates": [
          [
            -117.228703,
            32.8815846
          ],
          [
            -117.228766,
            32.8815621
          ],
          [
            -117.2288814,
            32.8815269
          ],
          [
            -117.2290057,
            32.881499
          ],
          [
            -117.2291754,
            32.8814265
          ]
        ]
      }
    },
    {
      "type": "Feature",
      "properties": {
        "name": null,
        "kind": "track"
      },
      "geometry": {
        "type": "LineString",
        "coordinates": [
          [
            -117.2278427,
            32.8819619
          ],
          [
            -117.228703,
            32.8815846
          ]
        ]
      }
    },
    {
      "type": "Feature",
      "properties": {
        "name": "Genesee Avenue",
        "kind": "lane"
      },
      "geometry": {
        "type": "LineString",
        "coordinates": [
          [
            -117.2259661,
            32.8869981
          ],
          [
            -117.2267264,
            32.8871472
          ],
          [
            -117.22687,
            32.8871754
          ]
        ]
      }
    },
    {
      "type": "Feature",
      "properties": {
        "name": "Genesee Avenue",
        "kind": "lane"
      },
      "geometry": {
        "type": "LineString",
        "coordinates": [
          [
            -117.2254725,
            32.8868937
          ],
          [
            -117.2257073,
            32.8869444
          ]
        ]
      }
    },
    {
      "type": "Feature",
      "properties": {
        "name": "Genesee Avenue",
        "kind": "lane"
      },
      "geometry": {
        "type": "LineString",
        "coordinates": [
          [
            -117.2252144,
            32.8868371
          ],
          [
            -117.2253559,
            32.8868701
          ],
          [
            -117.2254725,
            32.8868937
          ]
        ]
      }
    },
    {
      "type": "Feature",
      "properties": {
        "name": "Genesee Avenue",
        "kind": "lane"
      },
      "geometry": {
        "type": "LineString",
        "coordinates": [
          [
            -117.2257073,
            32.8869444
          ],
          [
            -117.2259661,
            32.8869981
          ]
        ]
      }
    },
    {
      "type": "Feature",
      "properties": {
        "name": "Campus Point Drive",
        "kind": "shared"
      },
      "geometry": {
        "type": "LineString",
        "coordinates": [
          [
            -117.2222467,
            32.8880161
          ],
          [
            -117.2222023,
            32.8879015
          ],
          [
            -117.2220657,
            32.8875489
          ]
        ]
      }
    },
    {
      "type": "Feature",
      "properties": {
        "name": "Campus Point Drive",
        "kind": "shared"
      },
      "geometry": {
        "type": "LineString",
        "coordinates": [
          [
            -117.2223224,
            32.8897343
          ],
          [
            -117.2223689,
            32.8896113
          ],
          [
            -117.222397,
            32.889538
          ],
          [
            -117.2224785,
            32.8892356
          ],
          [
            -117.222504,
            32.889141
          ],
          [
            -117.222504,
            32.888859
          ],
          [
            -117.2225018,
            32.888846
          ],
          [
            -117.222473,
            32.888676
          ],
          [
            -117.2223808,
            32.8883963
          ]
        ]
      }
    },
    {
      "type": "Feature",
      "properties": {
        "name": "Campus Point Drive",
        "kind": "shared"
      },
      "geometry": {
        "type": "LineString",
        "coordinates": [
          [
            -117.2197672,
            32.8828099
          ],
          [
            -117.2198349,
            32.8826134
          ],
          [
            -117.2199043,
            32.8824533
          ]
        ]
      }
    },
    {
      "type": "Feature",
      "properties": {
        "name": "Campus Point Drive",
        "kind": "shared"
      },
      "geometry": {
        "type": "LineString",
        "coordinates": [
          [
            -117.2199043,
            32.8824533
          ],
          [
            -117.2199567,
            32.8823516
          ],
          [
            -117.2200336,
            32.8822317
          ],
          [
            -117.2200524,
            32.8822024
          ],
          [
            -117.2201287,
            32.8821266
          ]
        ]
      }
    },
    {
      "type": "Feature",
      "properties": {
        "name": "Campus Point Drive",
        "kind": "lane"
      },
      "geometry": {
        "type": "LineString",
        "coordinates": [
          [
            -117.2202007,
            32.8819912
          ],
          [
            -117.2201287,
            32.8821266
          ]
        ]
      }
    },
    {
      "type": "Feature",
      "properties": {
        "name": "Campus Point Drive",
        "kind": "lane"
      },
      "geometry": {
        "type": "LineString",
        "coordinates": [
          [
            -117.2210159,
            32.8815448
          ],
          [
            -117.2211398,
            32.8815053
          ],
          [
            -117.2212578,
            32.8814808
          ],
          [
            -117.2213911,
            32.8814738
          ]
        ]
      }
    },
    {
      "type": "Feature",
      "properties": {
        "name": null,
        "kind": "track"
      },
      "geometry": {
        "type": "LineString",
        "coordinates": [
          [
            -117.227396,
            32.8821038
          ],
          [
            -117.2275073,
            32.8821075
          ],
          [
            -117.2276856,
            32.882031
          ],
          [
            -117.2278427,
            32.8819619
          ]
        ]
      }
    },
    {
      "type": "Feature",
      "properties": {
        "name": "Voigt Drive",
        "kind": "lane"
      },
      "geometry": {
        "type": "LineString",
        "coordinates": [
          [
            -117.2224652,
            32.8817313
          ],
          [
            -117.2223552,
            32.881667
          ],
          [
            -117.2219602,
            32.8814572
          ],
          [
            -117.2218082,
            32.8813995
          ],
          [
            -117.2216421,
            32.8813537
          ],
          [
            -117.2215258,
            32.8813408
          ],
          [
            -117.221394,
            32.8813374
          ],
          [
            -117.2212717,
            32.8813444
          ],
          [
            -117.2211015,
            32.8813885
          ]
        ]
      }
    },
    {
      "type": "Feature",
      "properties": {
        "name": "Campus Point Drive",
        "kind": "lane"
      },
      "geometry": {
        "type": "LineString",
        "coordinates": [
          [
            -117.2234789,
            32.8810703
          ],
          [
            -117.223471,
            32.8812189
          ],
          [
            -117.2234737,
            32.8817159
          ],
          [
            -117.2234705,
            32.8817624
          ]
        ]
      }
    },
    {
      "type": "Feature",
      "properties": {
        "name": "Campus Point Drive",
        "kind": "lane"
      },
      "geometry": {
        "type": "LineString",
        "coordinates": [
          [
            -117.2234705,
            32.8817624
          ],
          [
            -117.2234685,
            32.8818088
          ],
          [
            -117.2234505,
            32.8819179
          ],
          [
            -117.2234252,
            32.8819984
          ],
          [
            -117.2234187,
            32.8820174
          ],
          [
            -117.2234065,
            32.8820525
          ]
        ]
      }
    },
    {
      "type": "Feature",
      "properties": {
        "name": null,
        "kind": "track"
      },
      "geometry": {
        "type": "LineString",
        "coordinates": [
          [
            -117.2286701,
            32.8876352
          ],
          [
            -117.2286902,
            32.887547
          ]
        ]
      }
    },
    {
      "type": "Feature",
      "properties": {
        "name": null,
        "kind": "track"
      },
      "geometry": {
        "type": "LineString",
        "coordinates": [
          [
            -117.228517,
            32.8871475
          ],
          [
            -117.2284715,
            32.8872662
          ]
        ]
      }
    },
    {
      "type": "Feature",
      "properties": {
        "name": "Voigt Drive",
        "kind": "lane"
      },
      "geometry": {
        "type": "LineString",
        "coordinates": [
          [
            -117.2213911,
            32.8814738
          ],
          [
            -117.2214942,
            32.8814777
          ],
          [
            -117.2215738,
            32.8814876
          ],
          [
            -117.221666,
            32.8815113
          ],
          [
            -117.2217513,
            32.8815416
          ],
          [
            -117.2218395,
            32.8815769
          ],
          [
            -117.2219376,
            32.8816289
          ]
        ]
      }
    },
    {
      "type": "Feature",
      "properties": {
        "name": "Voigt Drive",
        "kind": "lane"
      },
      "geometry": {
        "type": "LineString",
        "coordinates": [
          [
            -117.222167,
            32.8817495
          ],
          [
            -117.2222306,
            32.881783
          ],
          [
            -117.2225198,
            32.8819186
          ]
        ]
      }
    },
    {
      "type": "Feature",
      "properties": {
        "name": "Voigt Drive",
        "kind": "lane"
      },
      "geometry": {
        "type": "LineString",
        "coordinates": [
          [
            -117.2225198,
            32.8819186
          ],
          [
            -117.2226336,
            32.8819715
          ]
        ]
      }
    },
    {
      "type": "Feature",
      "properties": {
        "name": "Genesee Avenue",
        "kind": "lane"
      },
      "geometry": {
        "type": "LineString",
        "coordinates": [
          [
            -117.2189563,
            32.8813963
          ],
          [
            -117.2192627,
            32.8815531
          ],
          [
            -117.219356,
            32.8816018
          ]
        ]
      }
    },
    {
      "type": "Feature",
      "properties": {
        "name": null,
        "kind": "track"
      },
      "geometry": {
        "type": "LineString",
        "coordinates": [
          [
            -117.227844,
            32.8818765
          ],
          [
            -117.2277776,
            32.881906
          ],
          [
            -117.2277385,
            32.8819621
          ]
        ]
      }
    },
    {
      "type": "Feature",
      "properties": {
        "name": null,
        "kind": "track"
      },
      "geometry": {
        "type": "LineString",
        "coordinates": [
          [
            -117.2287098,
            32.8814934
          ],
          [
            -117.227844,
            32.8818765
          ]
        ]
      }
    },
    {
      "type": "Feature",
      "properties": {
        "name": "Voigt Drive",
        "kind": "lane"
      },
      "geometry": {
        "type": "LineString",
        "coordinates": [
          [
            -117.2240062,
            32.8824118
          ],
          [
            -117.2236229,
            32.8823142
          ],
          [
            -117.2235903,
            32.882306
          ],
          [
            -117.2233861,
            32.8822534
          ]
        ]
      }
    },
    {
      "type": "Feature",
      "properties": {
        "name": "Genesee Avenue",
        "kind": "lane"
      },
      "geometry": {
        "type": "LineString",
        "coordinates": [
          [
            -117.226917,
            32.8869538
          ],
          [
            -117.2258423,
            32.8867414
          ]
        ]
      }
    },
    {
      "type": "Feature",
      "properties": {
        "name": "Voigt Drive",
        "kind": "lane"
      },
      "geometry": {
        "type": "LineString",
        "coordinates": [
          [
            -117.2226336,
            32.8819715
          ],
          [
            -117.2227775,
            32.8820385
          ]
        ]
      }
    },
    {
      "type": "Feature",
      "properties": {
        "name": "Voigt Drive",
        "kind": "lane"
      },
      "geometry": {
        "type": "LineString",
        "coordinates": [
          [
            -117.2219376,
            32.8816289
          ],
          [
            -117.222167,
            32.8817495
          ]
        ]
      }
    },
    {
      "type": "Feature",
      "properties": {
        "name": "Campus Point Drive",
        "kind": "lane"
      },
      "geometry": {
        "type": "LineString",
        "coordinates": [
          [
            -117.2234065,
            32.8820525
          ],
          [
            -117.2233861,
            32.8822534
          ]
        ]
      }
    },
    {
      "type": "Feature",
      "properties": {
        "name": "Genesee Avenue",
        "kind": "lane"
      },
      "geometry": {
        "type": "LineString",
        "coordinates": [
          [
            -117.2204103,
            32.8821638
          ],
          [
            -117.2202847,
            32.8820585
          ]
        ]
      }
    },
    {
      "type": "Feature",
      "properties": {
        "name": "Genesee Avenue",
        "kind": "lane"
      },
      "geometry": {
        "type": "LineString",
        "coordinates": [
          [
            -117.2224102,
            32.8846455
          ],
          [
            -117.2223545,
            32.8845605
          ]
        ]
      }
    },
    {
      "type": "Feature",
      "properties": {
        "name": "Campus Point Drive",
        "kind": "lane"
      },
      "geometry": {
        "type": "LineString",
        "coordinates": [
          [
            -117.2202847,
            32.8820585
          ],
          [
            -117.2203994,
            32.8819549
          ],
          [
            -117.2204039,
            32.8819511
          ],
          [
            -117.220618,
            32.8817741
          ],
          [
            -117.2207562,
            32.8816746
          ],
          [
            -117.2208732,
            32.8816052
          ],
          [
            -117.2210159,
            32.8815448
          ]
        ]
      }
    },
    {
      "type": "Feature",
      "properties": {
        "name": "Voigt Drive",
        "kind": "lane"
      },
      "geometry": {
        "type": "LineString",
        "coordinates": [
          [
            -117.2233861,
            32.8822534
          ],
          [
            -117.2232306,
            32.8821019
          ],
          [
            -117.2226777,
            32.8818448
          ],
          [
            -117.2224652,
            32.8817313
          ]
        ]
      }
    },
    {
      "type": "Feature",
      "properties": {
        "name": "Genesee Avenue",
        "kind": "lane"
      },
      "geometry": {
        "type": "LineString",
        "coordinates": [
          [
            -117.2213693,
            32.8830815
          ],
          [
            -117.2211363,
            32.8828322
          ]
        ]
      }
    },
    {
      "type": "Feature",
      "properties": {
        "name": "Voigt Drive",
        "kind": "lane"
      },
      "geometry": {
        "type": "LineString",
        "coordinates": [
          [
            -117.2245681,
            32.8825129
          ],
          [
            -117.2244045,
            32.8824927
          ],
          [
            -117.2240062,
            32.8824118
          ]
        ]
      }
    },
    {
      "type": "Feature",
      "properties": {
        "name": "Campus Point Drive",
        "kind": "shared"
      },
      "geometry": {
        "type": "LineString",
        "coordinates": [
          [
            -117.2223465,
            32.8882921
          ],
          [
            -117.2223012,
            32.8881534
          ],
          [
            -117.2222467,
            32.8880161
          ]
        ]
      }
    },
    {
      "type": "Feature",
      "properties": {
        "name": "Campus Point Drive",
        "kind": "shared"
      },
      "geometry": {
        "type": "LineString",
        "coordinates": [
          [
            -117.2223808,
            32.8883963
          ],
          [
            -117.2223465,
            32.8882921
          ]
        ]
      }
    },
    {
      "type": "Feature",
      "properties": {
        "name": "Genesee Avenue",
        "kind": "lane"
      },
      "geometry": {
        "type": "LineString",
        "coordinates": [
          [
            -117.179352,
            32.8141641
          ],
          [
            -117.1793104,
            32.8140832
          ],
          [
            -117.1787351,
            32.8129648
          ],
          [
            -117.1786538,
            32.8128037
          ],
          [
            -117.1785852,
            32.8126422
          ],
          [
            -117.1785238,
            32.8124677
          ],
          [
            -117.1782631,
            32.811477
          ],
          [
            -117.1781938,
            32.8113357
          ]
        ]
      }
    },
    {
      "type": "Feature",
      "properties": {
        "name": "Genesee Avenue",
        "kind": "lane"
      },
      "geometry": {
        "type": "LineString",
        "coordinates": [
          [
            -117.1781938,
            32.8113357
          ],
          [
            -117.1781128,
            32.8111704
          ],
          [
            -117.178027,
            32.8110217
          ],
          [
            -117.177858,
            32.8107827
          ],
          [
            -117.1778071,
            32.8107106
          ]
        ]
      }
    },
    {
      "type": "Feature",
      "properties": {
        "name": "Genesee Avenue",
        "kind": "lane"
      },
      "geometry": {
        "type": "LineString",
        "coordinates": [
          [
            -117.1772923,
            32.8102422
          ],
          [
            -117.1774106,
            32.8104012
          ],
          [
            -117.177637,
            32.8107202
          ],
          [
            -117.1776779,
            32.8107779
          ]
        ]
      }
    },
    {
      "type": "Feature",
      "properties": {
        "name": "Genesee Avenue",
        "kind": "lane"
      },
      "geometry": {
        "type": "LineString",
        "coordinates": [
          [
            -117.1776779,
            32.8107779
          ],
          [
            -117.1777294,
            32.8108553
          ],
          [
            -117.1779524,
            32.8111902
          ],
          [
            -117.178065,
            32.8114044
          ],
          [
            -117.1781267,
            32.8115622
          ],
          [
            -117.1781589,
            32.8116388
          ],
          [
            -117.1781777,
            32.811729
          ],
          [
            -117.1783896,
            32.8125
          ],
          [
            -117.1784459,
            32.8126983
          ],
          [
            -117.1785318,
            32.8128629
          ],
          [
            -117.1786256,
            32.8130545
          ],
          [
            -117.178969,
            32.8137398
          ],
          [
            -117.1790517,
            32.8138806
          ]
        ]
      }
    },
    {
      "type": "Feature",
      "properties": {
        "name": "Genesee Avenue",
        "kind": "lane"
      },
      "geometry": {
        "type": "LineString",
        "coordinates": [
          [
            -117.1790517,
            32.8138806
          ],
          [
            -117.1791702,
            32.8141223
          ],
          [
            -117.1792126,
            32.8142029
          ]
        ]
      }
    },
    {
      "type": "Feature",
      "properties": {
        "name": "Genesee Avenue",
        "kind": "lane"
      },
      "geometry": {
        "type": "LineString",
        "coordinates": [
          [
            -117.1778071,
            32.8107106
          ],
          [
            -117.1775066,
            32.8103226
          ],
          [
            -117.1772811,
            32.8100135
          ],
          [
            -117.1771791,
            32.8098939
          ],
          [
            -117.1770664,
            32.8098488
          ]
        ]
      }
    },
    {
      "type": "Feature",
      "properties": {
        "name": "Genesee Avenue",
        "kind": "lane"
      },
      "geometry": {
        "type": "LineString",
        "coordinates": [
          [
            -117.1759383,
            32.8059729
          ],
          [
            -117.1760929,
            32.8063083
          ],
          [
            -117.1761967,
            32.8066332
          ],
          [
            -117.1764186,
            32.8082666
          ],
          [
            -117.1765188,
            32.808802
          ],
          [
            -117.1767873,
            32.8094397
          ],
          [
            -117.176959,
            32.8097165
          ],
          [
            -117.1770664,
            32.8098488
          ]
        ]
      }
    },
    {
      "type": "Feature",
      "properties": {
        "name": "Genesee Avenue",
        "kind": "lane"
      },
      "geometry": {
        "type": "LineString",
        "coordinates": [
          [
            -117.1751248,
            32.8047242
          ],
          [
            -117.1752134,
            32.804863
          ],
          [
            -117.1752671,
            32.8049557
          ]
        ]
      }
    },
    {
      "type": "Feature",
      "properties": {
        "name": "Genesee Avenue",
        "kind": "lane"
      },
      "geometry": {
        "type": "LineString",
        "coordinates": [
          [
            -117.179627,
            32.814702
          ],
          [
            -117.1794037,
            32.8142652
          ],
          [
            -117.179352,
            32.8141641
          ]
        ]
      }
    },
    {
      "type": "Feature",
      "properties": {
        "name": "Genesee Avenue",
        "kind": "lane"
      },
      "geometry": {
        "type": "LineString",
        "coordinates": [
          [
            -117.1770664,
            32.8098488
          ],
          [
            -117.1770852,
            32.8099639
          ],
          [
            -117.1772923,
            32.8102422
          ]
        ]
      }
    },
    {
      "type": "Feature",
      "properties": {
        "name": "Genesee Avenue",
        "kind": "lane"
      },
      "geometry": {
        "type": "LineString",
        "coordinates": [
          [
            -117.1749173,
            32.804399
          ],
          [
            -117.1751248,
            32.8047242
          ]
        ]
      }
    },
    {
      "type": "Feature",
      "properties": {
        "name": "Genesee Avenue",
        "kind": "lane"
      },
      "geometry": {
        "type": "LineString",
        "coordinates": [
          [
            -117.1752671,
            32.8049557
          ],
          [
            -117.1753327,
            32.8050496
          ],
          [
            -117.1756563,
            32.8055082
          ],
          [
            -117.175871,
            32.805827
          ],
          [
            -117.1759383,
            32.8059729
          ]
        ]
      }
    },
    {
      "type": "Feature",
      "properties": {
        "name": "Genesee Avenue",
        "kind": "lane"
      },
      "geometry": {
        "type": "LineString",
        "coordinates": [
          [
            -117.1745596,
            32.8038343
          ],
          [
            -117.1749173,
            32.804399
          ]
        ]
      }
    },
    {
      "type": "Feature",
      "properties": {
        "name": "North Torrey Pines Road",
        "kind": "lane"
      },
      "geometry": {
        "type": "LineString",
        "coordinates": [
          [
            -117.2429891,
            32.8893273
          ],
          [
            -117.2430316,
            32.8892545
          ],
          [
            -117.2432923,
            32.8887949
          ],
          [
            -117.2434091,
            32.888558
          ]
        ]
      }
    },
    {
      "type": "Feature",
      "properties": {
        "name": "North Torrey Pines Road",
        "kind": "lane"
      },
      "geometry": {
        "type": "LineString",
        "coordinates": [
          [
            -117.2436045,
            32.8876894
          ],
          [
            -117.2434819,
            32.8880242
          ],
          [
            -117.2432741,
            32.888501
          ],
          [
            -117.2429743,
            32.889035
          ]
        ]
      }
    },
    {
      "type": "Feature",
      "properties": {
        "name": "North Torrey Pines Road",
        "kind": "lane"
      },
      "geometry": {
        "type": "LineString",
        "coordinates": [
          [
            -117.2429235,
            32.8894342
          ],
          [
            -117.2429891,
            32.8893273
          ]
        ]
      }
    },
    {
      "type": "Feature",
      "properties": {
        "name": "Health Sciences Drive",
        "kind": "lane"
      },
      "geometry": {
        "type": "LineString",
        "coordinates": [
          [
            -117.2221907,
            32.8786226
          ],
          [
            -117.2220842,
            32.8786231
          ],
          [
            -117.222057,
            32.8786235
          ],
          [
            -117.2217525,
            32.8786276
          ],
          [
            -117.2216832,
            32.8786286
          ],
          [
            -117.2216184,
            32.8786287
          ]
        ]
      }
    },
    {
      "type": "Feature",
      "properties": {
        "name": "Athena Circle",
        "kind": "lane"
      },
      "geometry": {
        "type": "LineString",
        "coordinates": [
          [
            -117.2198692,
            32.8783252
          ],
          [
            -117.2197896,
            32.8782469
          ],
          [
            -117.2197195,
            32.8781955
          ],
          [
            -117.2196299,
            32.8781596
          ],
          [
            -117.2195035,
            32.8781317
          ],
          [
            -117.2194322,
            32.8781062
          ],
          [
            -117.2193396,
            32.878056
          ],
          [
            -117.2192482,
            32.8779535
          ],
          [
            -117.2192231,
            32.877868
          ],
          [
            -117.2192216,
            32.8777857
          ],
          [
            -117.2192183,
            32.8775993
          ],
          [
            -117.219218,
            32.8775839
          ],
          [
            -117.2192163,
            32.8774652
          ],
          [
            -117.2192148,
            32.8774028
          ],
          [
            -117.2192114,
            32.8772077
          ],
          [
            -117.2192077,
            32.8770231
          ],
          [
            -117.2192071,
            32.8769926
          ],
          [
            -117.219205,
            32.8768873
          ]
        ]
      }
    },
    {
      "type": "Feature",
      "properties": {
        "name": "Medical Center Drive",
        "kind": "lane"
      },
      "geometry": {
        "type": "LineString",
        "coordinates": [
          [
            -117.2222026,
            32.8789953
          ],
          [
            -117.2222016,
            32.8793588
          ],
          [
            -117.2222055,
            32.879468
          ],
          [
            -117.2222092,
            32.8795718
          ],
          [
            -117.2222098,
            32.8796171
          ],
          [
            -117.2222146,
            32.8796748
          ],
          [
            -117.222226,
            32.8797291
          ],
          [
            -117.2222752,
            32.8797965
          ],
          [
            -117.2223377,
            32.879846
          ],
          [
            -117.2224229,
            32.8798841
          ],
          [
            -117.2225215,
            32.8799
          ],
          [
            -117.2228184,
            32.8799023
          ],
          [
            -117.2228435,
            32.8799025
          ],
          [
            -117.2229035,
            32.879903
          ]
        ]
      }
    },
    {
      "type": "Feature",
      "properties": {
        "name": "Voigt Drive",
        "kind": "lane"
      },
      "geometry": {
        "type": "LineString",
        "coordinates": [
          [
            -117.2199162,
            32.8795335
          ],
          [
            -117.2199153,
            32.8794832
          ],
          [
            -117.2199085,
            32.8790826
          ]
        ]
      }
    },
    {
      "type": "Feature",
      "properties": {
        "name": "Regents Road",
        "kind": "lane"
      },
      "geometry": {
        "type": "LineString",
        "coordinates": [
          [
            -117.2182944,
            32.8768925
          ],
          [
            -117.2182946,
            32.8770262
          ],
          [
            -117.21829,
            32.877371
          ],
          [
            -117.2182883,
            32.8775405
          ],
          [
            -117.2182999,
            32.8776599
          ],
          [
            -117.218299,
            32.8778084
          ]
        ]
      }
    },
    {
      "type": "Feature",
      "properties": {
        "name": "Athena Circle",
        "kind": "lane"
      },
      "geometry": {
        "type": "LineString",
        "coordinates": [
          [
            -117.2221685,
            32.8773658
          ],
          [
            -117.2222004,
            32.877313
          ],
          [
            -117.2222023,
            32.8772422
          ],
          [
            -117.2221858,
            32.8772077
          ],
          [
            -117.2221447,
            32.8771217
          ],
          [
            -117.2221205,
            32.8770722
          ],
          [
            -117.2220937,
            32.8769798
          ],
          [
            -117.222083,
            32.876901
          ],
          [
            -117.2220749,
            32.8767703
          ],
          [
            -117.2220669,
            32.8766442
          ]
        ]
      }
    },
    {
      "type": "Feature",
      "properties": {
        "name": "Medical Center Drive",
        "kind": "lane"
      },
      "geometry": {
        "type": "LineString",
        "coordinates": [
          [
            -117.2230397,
            32.8775618
          ],
          [
            -117.2229185,
            32.8775212
          ],
          [
            -117.2227092,
            32.8775231
          ],
          [
            -117.2225632,
            32.8775539
          ]
        ]
      }
    },
    {
      "type": "Feature",
      "properties": {
        "name": "Athena Circle",
        "kind": "lane"
      },
      "geometry": {
        "type": "LineString",
        "coordinates": [
          [
            -117.221853,
            32.8762575
          ],
          [
            -117.2218651,
            32.8763588
          ],
          [
            -117.2218747,
            32.8764636
          ],
          [
            -117.2218728,
            32.8765467
          ],
          [
            -117.2218586,
            32.8766459
          ],
          [
            -117.2218311,
            32.8767611
          ]
        ]
      }
    },
    {
      "type": "Feature",
      "properties": {
        "name": "Athena Circle",
        "kind": "lane"
      },
      "geometry": {
        "type": "LineString",
        "coordinates": [
          [
            -117.2221685,
            32.8773658
          ],
          [
            -117.2221771,
            32.8774409
          ],
          [
            -117.22218,
            32.8774666
          ],
          [
            -117.222184,
            32.8775566
          ]
        ]
      }
    },
    {
      "type": "Feature",
      "properties": {
        "name": "Medical Center Drive",
        "kind": "lane"
      },
      "geometry": {
        "type": "LineString",
        "coordinates": [
          [
            -117.2225632,
            32.8775539
          ],
          [
            -117.2227102,
            32.8775792
          ],
          [
            -117.222787,
            32.8775814
          ],
          [
            -117.2229151,
            32.8775851
          ],
          [
            -117.2230397,
            32.8775618
          ]
        ]
      }
    },
    {
      "type": "Feature",
      "properties": {
        "name": "Medical Center Drive",
        "kind": "lane"
      },
      "geometry": {
        "type": "LineString",
        "coordinates": [
          [
            -117.2225632,
            32.8775539
          ],
          [
            -117.2223302,
            32.8775537
          ],
          [
            -117.2222973,
            32.8775537
          ],
          [
            -117.222184,
            32.8775566
          ]
        ]
      }
    },
    {
      "type": "Feature",
      "properties": {
        "name": "Genesee Avenue",
        "kind": "shared"
      },
      "geometry": {
        "type": "LineString",
        "coordinates": [
          [
            -117.2187533,
            32.8810804
          ],
          [
            -117.2183174,
            32.8808752
          ],
          [
            -117.2182127,
            32.8808265
          ]
        ]
      }
    },
    {
      "type": "Feature",
      "properties": {
        "name": "Genesee Avenue",
        "kind": "lane"
      },
      "geometry": {
        "type": "LineString",
        "coordinates": [
          [
            -117.2179957,
            32.8809286
          ],
          [
            -117.2181042,
            32.8809847
          ]
        ]
      }
    },
    {
      "type": "Feature",
      "properties": {
        "name": "Athena Way",
        "kind": "lane"
      },
      "geometry": {
        "type": "LineString",
        "coordinates": [
          [
            -117.2182944,
            32.8768925
          ],
          [
            -117.2184254,
            32.8768925
          ]
        ]
      }
    },
    {
      "type": "Feature",
      "properties": {
        "name": null,
        "kind": "track"
      },
      "geometry": {
        "type": "LineString",
        "coordinates": [
          [
            -117.2222729,
            32.8766418
          ],
          [
            -117.2222766,
            32.8766662
          ],
          [
            -117.2221707,
            32.876677
          ],
          [
            -117.2221945,
            32.8768802
          ]
        ]
      }
    },
    {
      "type": "Feature",
      "properties": {
        "name": "Athena Circle",
        "kind": "lane"
      },
      "geometry": {
        "type": "LineString",
        "coordinates": [
          [
            -117.219205,
            32.8768873
          ],
          [
            -117.2192028,
            32.8767522
          ],
          [
            -117.2192023,
            32.8767219
          ],
          [
            -117.2191991,
            32.8765178
          ]
        ]
      }
    },
    {
      "type": "Feature",
      "properties": {
        "name": "Medical Center Drive",
        "kind": "lane"
      },
      "geometry": {
        "type": "LineString",
        "coordinates": [
          [
            -117.222187,
            32.8782664
          ],
          [
            -117.2221877,
            32.8784829
          ],
          [
            -117.2221879,
            32.8785296
          ],
          [
            -117.2221907,
            32.8786226
          ]
        ]
      }
    },
    {
      "type": "Feature",
      "properties": {
        "name": "Regents Road",
        "kind": "lane"
      },
      "geometry": {
        "type": "LineString",
        "coordinates": [
          [
            -117.2182641,
            32.8799811
          ],
          [
            -117.2182573,
            32.8803611
          ],
          [
            -117.2182515,
            32.8804696
          ],
          [
            -117.2182144,
            32.8805838
          ],
          [
            -117.2181783,
            32.8806608
          ],
          [
            -117.2181607,
            32.8806969
          ],
          [
            -117.2181031,
            32.8807729
          ]
        ]
      }
    },
    {
      "type": "Feature",
      "properties": {
        "name": "Medical Center Drive",
        "kind": "lane"
      },
      "geometry": {
        "type": "LineString",
        "coordinates": [
          [
            -117.2236181,
            32.8776411
          ],
          [
            -117.223414,
            32.8776259
          ],
          [
            -117.2232708,
            32.8776005
          ],
          [
            -117.2230397,
            32.8775618
          ]
        ]
      }
    },
    {
      "type": "Feature",
      "properties": {
        "name": "Health Sciences Drive",
        "kind": "lane"
      },
      "geometry": {
        "type": "LineString",
        "coordinates": [
          [
            -117.219901,
            32.8786406
          ],
          [
            -117.2198258,
            32.878641
          ],
          [
            -117.2197919,
            32.8786412
          ],
          [
            -117.2194157,
            32.8786432
          ]
        ]
      }
    },
    {
      "type": "Feature",
      "properties": {
        "name": "Regents Road",
        "kind": "lane"
      },
      "geometry": {
        "type": "LineString",
        "coordinates": [
          [
            -117.2181042,
            32.8809847
          ],
          [
            -117.2182127,
            32.8808265
          ]
        ]
      }
    },
    {
      "type": "Feature",
      "properties": {
        "name": "Regents Road",
        "kind": "lane"
      },
      "geometry": {
        "type": "LineString",
        "coordinates": [
          [
            -117.2184254,
            32.8768925
          ],
          [
            -117.2184221,
            32.8767745
          ],
          [
            -117.2184211,
            32.8767386
          ],
          [
            -117.2184145,
            32.8765039
          ],
          [
            -117.2183886,
            32.8761542
          ],
          [
            -117.2183583,
            32.8758722
          ],
          [
            -117.2183436,
            32.8755573
          ]
        ]
      }
    },
    {
      "type": "Feature",
      "properties": {
        "name": "Health Sciences Drive",
        "kind": "lane"
      },
      "geometry": {
        "type": "LineString",
        "coordinates": [
          [
            -117.218428,
            32.8786464
          ],
          [
            -117.2182863,
            32.8786472
          ]
        ]
      }
    },
    {
      "type": "Feature",
      "properties": {
        "name": "Voigt Drive",
        "kind": "lane"
      },
      "geometry": {
        "type": "LineString",
        "coordinates": [
          [
            -117.2199184,
            32.8798492
          ],
          [
            -117.2199167,
            32.8795934
          ],
          [
            -117.2199162,
            32.8795335
          ]
        ]
      }
    },
    {
      "type": "Feature",
      "properties": {
        "name": "Voigt Drive",
        "kind": "lane"
      },
      "geometry": {
        "type": "LineString",
        "coordinates": [
          [
            -117.219607,
            32.880575
          ],
          [
            -117.2198772,
            32.8801491
          ],
          [
            -117.2199092,
            32.8800831
          ],
          [
            -117.2199206,
            32.8800128
          ],
          [
            -117.2199184,
            32.8798492
          ]
        ]
      }
    },
    {
      "type": "Feature",
      "properties": {
        "name": "Campus Point Drive",
        "kind": "lane"
      },
      "geometry": {
        "type": "LineString",
        "coordinates": [
          [
            -117.2236591,
            32.8799047
          ],
          [
            -117.2236479,
            32.8799943
          ],
          [
            -117.2236425,
            32.8800207
          ],
          [
            -117.2235722,
            32.8803723
          ],
          [
            -117.2235113,
            32.8807128
          ],
          [
            -117.2234962,
            32.8808131
          ],
          [
            -117.2234826,
            32.8809473
          ],
          [
            -117.2234789,
            32.8810703
          ]
        ]
      }
    },
    {
      "type": "Feature",
      "properties": {
        "name": "Athena Way",
        "kind": "lane"
      },
      "geometry": {
        "type": "LineString",
        "coordinates": [
          [
            -117.2184254,
            32.8768925
          ],
          [
            -117.218557,
            32.8768897
          ],
          [
            -117.2185927,
            32.8768889
          ],
          [
            -117.2187848,
            32.8768914
          ]
        ]
      }
    },
    {
      "type": "Feature",
      "properties": {
        "name": "Athena Way",
        "kind": "lane"
      },
      "geometry": {
        "type": "LineString",
        "coordinates": [
          [
            -117.2189497,
            32.8768898
          ],
          [
            -117.2190783,
            32.8768885
          ],
          [
            -117.2191193,
            32.8768881
          ],
          [
            -117.219205,
            32.8768873
          ]
        ]
      }
    },
    {
      "type": "Feature",
      "properties": {
        "name": "Health Sciences Drive",
        "kind": "lane"
      },
      "geometry": {
        "type": "LineString",
        "coordinates": [
          [
            -117.2191603,
            32.8786445
          ],
          [
            -117.2186001,
            32.8786477
          ],
          [
            -117.218559,
            32.8786479
          ],
          [
            -117.218428,
            32.8786464
          ]
        ]
      }
    },
    {
      "type": "Feature",
      "properties": {
        "name": "Health Sciences Drive",
        "kind": "lane"
      },
      "geometry": {
        "type": "LineString",
        "coordinates": [
          [
            -117.2213444,
            32.8786318
          ],
          [
            -117.2203602,
            32.8786378
          ]
        ]
      }
    },
    {
      "type": "Feature",
      "properties": {
        "name": "Health Sciences Drive",
        "kind": "lane"
      },
      "geometry": {
        "type": "LineString",
        "coordinates": [
          [
            -117.2216184,
            32.8786287
          ],
          [
            -117.2213917,
            32.8786321
          ],
          [
            -117.2213444,
            32.8786318
          ]
        ]
      }
    },
    {
      "type": "Feature",
      "properties": {
        "name": "Medical Center Drive",
        "kind": "lane"
      },
      "geometry": {
        "type": "LineString",
        "coordinates": [
          [
            -117.2221907,
            32.8786226
          ],
          [
            -117.2221996,
            32.878708
          ],
          [
            -117.2222006,
            32.8787629
          ],
          [
            -117.2222029,
            32.8788842
          ],
          [
            -117.2222026,
            32.8789953
          ]
        ]
      }
    },
    {
      "type": "Feature",
      "properties": {
        "name": "Medical Center Drive",
        "kind": "lane"
      },
      "geometry": {
        "type": "LineString",
        "coordinates": [
          [
            -117.2243252,
            32.8798268
          ],
          [
            -117.2242079,
            32.8798425
          ],
          [
            -117.2241141,
            32.8798483
          ],
          [
            -117.223989,
            32.8798396
          ],
          [
            -117.223956,
            32.8798397
          ],
          [
            -117.2238235,
            32.8799074
          ]
        ]
      }
    },
    {
      "type": "Feature",
      "properties": {
        "name": "Medical Center Drive",
        "kind": "lane"
      },
      "geometry": {
        "type": "LineString",
        "coordinates": [
          [
            -117.2238235,
            32.8799074
          ],
          [
            -117.2239371,
            32.8799715
          ],
          [
            -117.2241594,
            32.8799728
          ],
          [
            -117.2243404,
            32.8799471
          ],
          [
            -117.224447,
            32.8799183
          ]
        ]
      }
    },
    {
      "type": "Feature",
      "properties": {
        "name": "Regents Road",
        "kind": "lane"
      },
      "geometry": {
        "type": "LineString",
        "coordinates": [
          [
            -117.2182699,
            32.8762939
          ],
          [
            -117.2182885,
            32.8764846
          ],
          [
            -117.2182932,
            32.876704
          ],
          [
            -117.2182934,
            32.8767374
          ],
          [
            -117.2182944,
            32.8768925
          ]
        ]
      }
    },
    {
      "type": "Feature",
      "properties": {
        "name": "Regents Road",
        "kind": "lane"
      },
      "geometry": {
        "type": "LineString",
        "coordinates": [
          [
            -117.218433,
            32.8774732
          ],
          [
            -117.2184274,
            32.8770524
          ],
          [
            -117.2184271,
            32.8770281
          ],
          [
            -117.2184254,
            32.8768925
          ]
        ]
      }
    },
    {
      "type": "Feature",
      "properties": {
        "name": "Regents Road",
        "kind": "lane"
      },
      "geometry": {
        "type": "LineString",
        "coordinates": [
          [
            -117.218428,
            32.8786464
          ],
          [
            -117.2184327,
            32.8785186
          ],
          [
            -117.2184461,
            32.8777472
          ],
          [
            -117.218433,
            32.8774732
          ]
        ]
      }
    },
    {
      "type": "Feature",
      "properties": {
        "name": "Regents Road",
        "kind": "lane"
      },
      "geometry": {
        "type": "LineString",
        "coordinates": [
          [
            -117.218299,
            32.8778084
          ],
          [
            -117.2182963,
            32.8781064
          ],
          [
            -117.2182955,
            32.8784901
          ],
          [
            -117.2182958,
            32.8785173
          ],
          [
            -117.2182863,
            32.8786472
          ]
        ]
      }
    },
    {
      "type": "Feature",
      "properties": {
        "name": "Regents Road",
        "kind": "lane"
      },
      "geometry": {
        "type": "LineString",
        "coordinates": [
          [
            -117.2184206,
            32.8790659
          ],
          [
            -117.2184241,
            32.8787957
          ],
          [
            -117.2184239,
            32.8787689
          ],
          [
            -117.218428,
            32.8786464
          ]
        ]
      }
    },
    {
      "type": "Feature",
      "properties": {
        "name": "Regents Road",
        "kind": "lane"
      },
      "geometry": {
        "type": "LineString",
        "coordinates": [
          [
            -117.2182863,
            32.8786472
          ],
          [
            -117.2182852,
            32.8787675
          ],
          [
            -117.2182641,
            32.8799811
          ]
        ]
      }
    },
    {
      "type": "Feature",
      "properties": {
        "name": "Regents Road",
        "kind": "lane"
      },
      "geometry": {
        "type": "LineString",
        "coordinates": [
          [
            -117.2181031,
            32.8807729
          ],
          [
            -117.2179957,
            32.8809286
          ]
        ]
      }
    },
    {
      "type": "Feature",
      "properties": {
        "name": "Genesee Avenue",
        "kind": "shared"
      },
      "geometry": {
        "type": "LineString",
        "coordinates": [
          [
            -117.2182127,
            32.8808265
          ],
          [
            -117.2181031,
            32.8807729
          ]
        ]
      }
    },
    {
      "type": "Feature",
      "properties": {
        "name": "Regents Road",
        "kind": "lane"
      },
      "geometry": {
        "type": "LineString",
        "coordinates": [
          [
            -117.2182127,
            32.8808265
          ],
          [
            -117.2182611,
            32.8807415
          ],
          [
            -117.2183295,
            32.8806075
          ],
          [
            -117.2183728,
            32.8804708
          ],
          [
            -117.2183857,
            32.8803449
          ],
          [
            -117.2184206,
            32.8790659
          ]
        ]
      }
    },
    {
      "type": "Feature",
      "properties": {
        "name": "Genesee Avenue",
        "kind": "lane"
      },
      "geometry": {
        "type": "LineString",
        "coordinates": [
          [
            -117.2181042,
            32.8809847
          ],
          [
            -117.2183579,
            32.8811053
          ]
        ]
      }
    },
    {
      "type": "Feature",
      "properties": {
        "name": "Genesee Avenue",
        "kind": "lane"
      },
      "geometry": {
        "type": "LineString",
        "coordinates": [
          [
            -117.2173342,
            32.8806181
          ],
          [
            -117.2178605,
            32.8808662
          ],
          [
            -117.2178927,
            32.8808813
          ],
          [
            -117.2179957,
            32.8809286
          ]
        ]
      }
    },
    {
      "type": "Feature",
      "properties": {
        "name": "Genesee Avenue",
        "kind": "shared"
      },
      "geometry": {
        "type": "LineString",
        "coordinates": [
          [
            -117.2190289,
            32.8812138
          ],
          [
            -117.2187533,
            32.8810804
          ]
        ]
      }
    },
    {
      "type": "Feature",
      "properties": {
        "name": "Athena Circle",
        "kind": "lane"
      },
      "geometry": {
        "type": "LineString",
        "coordinates": [
          [
            -117.2218311,
            32.8767611
          ],
          [
            -117.2218087,
            32.8768547
          ],
          [
            -117.2217979,
            32.8769295
          ],
          [
            -117.2218173,
            32.8770116
          ],
          [
            -117.2218977,
            32.8770973
          ],
          [
            -117.2219996,
            32.8771577
          ]
        ]
      }
    },
    {
      "type": "Feature",
      "properties": {
        "name": "Athena Circle",
        "kind": "lane"
      },
      "geometry": {
        "type": "LineString",
        "coordinates": [
          [
            -117.2219996,
            32.8771577
          ],
          [
            -117.2220501,
            32.8771952
          ],
          [
            -117.2221685,
            32.8773658
          ]
        ]
      }
    },
    {
      "type": "Feature",
      "properties": {
        "name": "Medical Center Drive",
        "kind": "lane"
      },
      "geometry": {
        "type": "LineString",
        "coordinates": [
          [
            -117.2232204,
            32.879899
          ],
          [
            -117.2232281,
            32.8798989
          ],
          [
            -117.2235351,
            32.8799009
          ],
          [
            -117.2235638,
            32.8799006
          ],
          [
            -117.2236591,
            32.8799047
          ],
          [
            -117.2238235,
            32.8799074
          ]
        ]
      }
    },
    {
      "type": "Feature",
      "properties": {
        "name": "Medical Center Drive",
        "kind": "lane"
      },
      "geometry": {
        "type": "LineString",
        "coordinates": [
          [
            -117.2229035,
            32.879903
          ],
          [
            -117.2230053,
            32.8799017
          ],
          [
            -117.2232204,
            32.879899
          ]
        ]
      }
    },
    {
      "type": "Feature",
      "properties": {
        "name": "Genesee Avenue",
        "kind": "lane"
      },
      "geometry": {
        "type": "LineString",
        "coordinates": [
          [
            -117.2183579,
            32.8811053
          ],
          [
            -117.2188562,
            32.8813451
          ],
          [
            -117.2189563,
            32.8813963
          ]
        ]
      }
    },
    {
      "type": "Feature",
      "properties": {
        "name": "Campus Point Drive",
        "kind": "lane"
      },
      "geometry": {
        "type": "LineString",
        "coordinates": [
          [
            -117.2236802,
            32.8805763
          ],
          [
            -117.2237819,
            32.8801152
          ],
          [
            -117.223802,
            32.8800432
          ],
          [
            -117.2238098,
            32.8800204
          ],
          [
            -117.2238235,
            32.8799074
          ]
        ]
      }
    },
    {
      "type": "Feature",
      "properties": {
        "name": "Campus Point Drive",
        "kind": "lane"
      },
      "geometry": {
        "type": "LineString",
        "coordinates": [
          [
            -117.2236133,
            32.8810787
          ],
          [
            -117.223616,
            32.8809881
          ],
          [
            -117.2236388,
            32.8808111
          ],
          [
            -117.2236591,
            32.8806718
          ],
          [
            -117.2236802,
            32.8805763
          ]
        ]
      }
    },
    {
      "type": "Feature",
      "properties": {
        "name": "Campus Point Drive",
        "kind": "lane"
      },
      "geometry": {
        "type": "LineString",
        "coordinates": [
          [
            -117.2236071,
            32.8814482
          ],
          [
            -117.2236133,
            32.8810787
          ]
        ]
      }
    },
    {
      "type": "Feature",
      "properties": {
        "name": "Medical Center Drive",
        "kind": "lane"
      },
      "geometry": {
        "type": "LineString",
        "coordinates": [
          [
            -117.2245015,
            32.8774429
          ],
          [
            -117.2242373,
            32.8775443
          ],
          [
            -117.2242129,
            32.8775537
          ],
          [
            -117.2241582,
            32.8775704
          ],
          [
            -117.2240894,
            32.877588
          ]
        ]
      }
    },
    {
      "type": "Feature",
      "properties": {
        "name": "Medical Center Drive",
        "kind": "lane"
      },
      "geometry": {
        "type": "LineString",
        "coordinates": [
          [
            -117.2240894,
            32.877588
          ],
          [
            -117.2239922,
            32.8776112
          ],
          [
            -117.2238623,
            32.8776287
          ],
          [
            -117.2237521,
            32.8776342
          ],
          [
            -117.2236181,
            32.8776411
          ]
        ]
      }
    },
    {
      "type": "Feature",
      "properties": {
        "name": "Medical Center Drive",
        "kind": "lane"
      },
      "geometry": {
        "type": "LineString",
        "coordinates": [
          [
            -117.222184,
            32.8775566
          ],
          [
            -117.2221846,
            32.8776891
          ],
          [
            -117.2221859,
            32.8779633
          ],
          [
            -117.2221862,
            32.8780412
          ]
        ]
      }
    },
    {
      "type": "Feature",
      "properties": {
        "name": "Medical Center Drive",
        "kind": "lane"
      },
      "geometry": {
        "type": "LineString",
        "coordinates": [
          [
            -117.2221862,
            32.8780412
          ],
          [
            -117.222187,
            32.8782664
          ]
        ]
      }
    },
    {
      "type": "Feature",
      "properties": {
        "name": "Health Sciences Drive",
        "kind": "lane"
      },
      "geometry": {
        "type": "LineString",
        "coordinates": [
          [
            -117.2194157,
            32.8786432
          ],
          [
            -117.2191603,
            32.8786445
          ]
        ]
      }
    },
    {
      "type": "Feature",
      "properties": {
        "name": "Health Sciences Drive",
        "kind": "lane"
      },
      "geometry": {
        "type": "LineString",
        "coordinates": [
          [
            -117.2203602,
            32.8786378
          ],
          [
            -117.2200423,
            32.8786398
          ],
          [
            -117.2199869,
            32.8786401
          ],
          [
            -117.219901,
            32.8786406
          ]
        ]
      }
    },
    {
      "type": "Feature",
      "properties": {
        "name": "Voigt Drive",
        "kind": "lane"
      },
      "geometry": {
        "type": "LineString",
        "coordinates": [
          [
            -117.2199085,
            32.8790826
          ],
          [
            -117.2199034,
            32.8787778
          ],
          [
            -117.2199027,
            32.8787388
          ],
          [
            -117.219901,
            32.8786406
          ]
        ]
      }
    },
    {
      "type": "Feature",
      "properties": {
        "name": "Athena Way",
        "kind": "lane"
      },
      "geometry": {
        "type": "LineString",
        "coordinates": [
          [
            -117.2187848,
            32.8768914
          ],
          [
            -117.2189497,
            32.8768898
          ]
        ]
      }
    },
    {
      "type": "Feature",
      "properties": {
        "name": "Towne Center Plaza",
        "kind": "shared"
      },
      "geometry": {
        "type": "LineString",
        "coordinates": [
          [
            -117.209153,
            32.8704966
          ],
          [
            -117.2091926,
            32.8704481
          ],
          [
            -117.2092678,
            32.8703537
          ],
          [
            -117.2095546,
            32.8700505
          ],
          [
            -117.2095972,
            32.8700188
          ],
          [
            -117.2096029,
            32.8700145
          ],
          [
            -117.2096539,
            32.8700077
          ],
          [
            -117.2097317,
            32.8700055
          ],
          [
            -117.210086,
            32.8700055
          ],
          [
            -117.2103217,
            32.8700055
          ],
          [
            -117.2104344,
            32.8700303
          ],
          [
            -117.2105682,
            32.8700335
          ]
        ]
      }
    },
    {
      "type": "Feature",
      "properties": {
        "name": "Towne Center Plaza",
        "kind": "shared"
      },
      "geometry": {
        "type": "LineString",
        "coordinates": [
          [
            -117.2105682,
            32.8700335
          ],
          [
            -117.2107102,
            32.8700369
          ],
          [
            -117.2108764,
            32.8700436
          ]
        ]
      }
    },
    {
      "type": "Feature",
      "properties": {
        "name": "Genesee Avenue",
        "kind": "lane"
      },
      "geometry": {
        "type": "LineString",
        "coordinates": [
          [
            -117.2141736,
            32.8688834
          ],
          [
            -117.2141649,
            32.8685733
          ],
          [
            -117.2141378,
            32.868353
          ],
          [
            -117.2140949,
            32.8681346
          ]
        ]
      }
    },
    {
      "type": "Feature",
      "properties": {
        "name": "Nobel Drive",
        "kind": "lane"
      },
      "geometry": {
        "type": "LineString",
        "coordinates": [
          [
            -117.2175145,
            32.8667842
          ],
          [
            -117.2173499,
            32.866716
          ],
          [
            -117.2171471,
            32.866632
          ],
          [
            -117.216826,
            32.8665099
          ],
          [
            -117.2166739,
            32.8664688
          ],
          [
            -117.2166456,
            32.8664572
          ],
          [
            -117.2164968,
            32.866421
          ]
        ]
      }
    },
    {
      "type": "Feature",
      "properties": {
        "name": "Nobel Drive",
        "kind": "lane"
      },
      "geometry": {
        "type": "LineString",
        "coordinates": [
          [
            -117.2164918,
            32.8665949
          ],
          [
            -117.216657,
            32.8666484
          ],
          [
            -117.2169578,
            32.8667414
          ],
          [
            -117.2178171,
            32.8671164
          ],
          [
            -117.2179932,
            32.8671886
          ]
        ]
      }
    },
    {
      "type": "Feature",
      "properties": {
        "name": "Genesee Avenue",
        "kind": "track"
      },
      "geometry": {
        "type": "LineString",
        "coordinates": [
          [
            -117.2139594,
            32.8676463
          ],
          [
            -117.2138575,
            32.867352
          ]
        ]
      }
    },
    {
      "type": "Feature",
      "properties": {
        "name": "Genesee Avenue",
        "kind": "lane"
      },
      "geometry": {
        "type": "LineString",
        "coordinates": [
          [
            -117.2140949,
            32.8681346
          ],
          [
            -117.2140068,
            32.8677972
          ]
        ]
      }
    },
    {
      "type": "Feature",
      "properties": {
        "name": "Genesee Avenue",
        "kind": "track"
      },
      "geometry": {
        "type": "LineString",
        "coordinates": [
          [
            -117.2140068,
            32.8677972
          ],
          [
            -117.2139929,
            32.8677399
          ],
          [
            -117.2139594,
            32.8676463
          ]
        ]
      }
    },
    {
      "type": "Feature",
      "properties": {
        "name": "Genesee Avenue",
        "kind": "track"
      },
      "geometry": {
        "type": "LineString",
        "coordinates": [
          [
            -117.2136442,
            32.8674983
          ],
          [
            -117.2137251,
            32.8677525
          ],
          [
            -117.2138588,
            32.8681725
          ]
        ]
      }
    },
    {
      "type": "Feature",
      "properties": {
        "name": "Genesee Avenue",
        "kind": "shared"
      },
      "geometry": {
        "type": "LineString",
        "coordinates": [
          [
            -117.1947544,
            32.8318876
          ],
          [
            -117.1947505,
            32.8325543
          ]
        ]
      }
    },
    {
      "type": "Feature",
      "properties": {
        "name": "Genesee Avenue",
        "kind": "lane"
      },
      "geometry": {
        "type": "LineString",
        "coordinates": [
          [
            -117.1948562,
            32.8329094
          ],
          [
            -117.1948565,
            32.8328414
          ],
          [
            -117.194861,
            32.8318935
          ]
        ]
      }
    },
    {
      "type": "Feature",
      "properties": {
        "name": "Genesee Avenue",
        "kind": "shared"
      },
      "geometry": {
        "type": "LineString",
        "coordinates": [
          [
            -117.1950502,
            32.8356408
          ],
          [
            -117.1949267,
            32.8354178
          ],
          [
            -117.1949042,
            32.8353529
          ]
        ]
      }
    },
    {
      "type": "Feature",
      "properties": {
        "name": "Genesee Avenue",
        "kind": "shared"
      },
      "geometry": {
        "type": "LineString",
        "coordinates": [
          [
            -117.1949042,
            32.8353529
          ],
          [
            -117.194877,
            32.8351877
          ],
          [
            -117.1948606,
            32.8350522
          ]
        ]
      }
    },
    {
      "type": "Feature",
      "properties": {
        "name": "Genesee Avenue",
        "kind": "shared"
      },
      "geometry": {
        "type": "LineString",
        "coordinates": [
          [
            -117.1947269,
            32.8345613
          ],
          [
            -117.1947259,
            32.8346436
          ],
          [
            -117.1947267,
            32.8348233
          ],
          [
            -117.194732,
            32.8349108
          ],
          [
            -117.1947331,
            32.8349766
          ],
          [
            -117.1947643,
            32.8352507
          ],
          [
            -117.1947893,
            32.8353552
          ],
          [
            -117.1948401,
            32.8354886
          ],
          [
            -117.195553,
            32.8367727
          ],
          [
            -117.1956362,
            32.8369485
          ],
          [
            -117.1957061,
            32.8371291
          ],
          [
            -117.1958004,
            32.8374279
          ]
        ]
      }
    },
    {
      "type": "Feature",
      "properties": {
        "name": "Genesee Avenue",
        "kind": "shared"
      },
      "geometry": {
        "type": "LineString",
        "coordinates": [
          [
            -117.1948562,
            32.8345653
          ],
          [
            -117.1948598,
            32.834426
          ]
        ]
      }
    },
    {
      "type": "Feature",
      "properties": {
        "name": "Genesee Avenue",
        "kind": "shared"
      },
      "geometry": {
        "type": "LineString",
        "coordinates": [
          [
            -117.1948598,
            32.834426
          ],
          [
            -117.1948623,
            32.8343301
          ],
          [
            -117.194865,
            32.8342027
          ],
          [
            -117.1948677,
            32.8339444
          ]
        ]
      }
    },
    {
      "type": "Feature",
      "properties": {
        "name": "Genesee Avenue",
        "kind": "shared"
      },
      "geometry": {
        "type": "LineString",
        "coordinates": [
          [
            -117.1948606,
            32.8350522
          ],
          [
            -117.1948584,
            32.8349766
          ],
          [
            -117.1948594,
            32.8349058
          ],
          [
            -117.1948578,
            32.834748
          ]
        ]
      }
    },
    {
      "type": "Feature",
      "properties": {
        "name": "Genesee Avenue",
        "kind": "shared"
      },
      "geometry": {
        "type": "LineString",
        "coordinates": [
          [
            -117.1947382,
            32.8340939
          ],
          [
            -117.1947412,
            32.834185
          ],
          [
            -117.1947384,
            32.834315
          ],
          [
            -117.1947384,
            32.834332
          ],
          [
            -117.1947365,
            32.8344249
          ]
        ]
      }
    },
    {
      "type": "Feature",
      "properties": {
        "name": "Genesee Avenue",
        "kind": "shared"
      },
      "geometry": {
        "type": "LineString",
        "coordinates": [
          [
            -117.1947365,
            32.8344249
          ],
          [
            -117.1947269,
            32.8345613
          ]
        ]
      }
    },
    {
      "type": "Feature",
      "properties": {
        "name": "Genesee Avenue",
        "kind": "shared"
      },
      "geometry": {
        "type": "LineString",
        "coordinates": [
          [
            -117.1947471,
            32.8336003
          ],
          [
            -117.1947421,
            32.8339849
          ],
          [
            -117.1947382,
            32.8340939
          ]
        ]
      }
    },
    {
      "type": "Feature",
      "properties": {
        "name": "Genesee Avenue",
        "kind": "shared"
      },
      "geometry": {
        "type": "LineString",
        "coordinates": [
          [
            -117.1948669,
            32.8335991
          ],
          [
            -117.194862,
            32.8332801
          ]
        ]
      }
    },
    {
      "type": "Feature",
      "properties": {
        "name": "Genesee Avenue",
        "kind": "shared"
      },
      "geometry": {
        "type": "LineString",
        "coordinates": [
          [
            -117.1948677,
            32.8339444
          ],
          [
            -117.1948669,
            32.8335991
          ]
        ]
      }
    },
    {
      "type": "Feature",
      "properties": {
        "name": "Genesee Avenue",
        "kind": "shared"
      },
      "geometry": {
        "type": "LineString",
        "coordinates": [
          [
            -117.194862,
            32.8332801
          ],
          [
            -117.1948581,
            32.8330313
          ],
          [
            -117.1948574,
            32.8329956
          ],
          [
            -117.1948562,
            32.8329094
          ]
        ]
      }
    },
    {
      "type": "Feature",
      "properties": {
        "name": "Genesee Avenue",
        "kind": "shared"
      },
      "geometry": {
        "type": "LineString",
        "coordinates": [
          [
            -117.1947453,
            32.8333832
          ],
          [
            -117.1947471,
            32.8336003
          ]
        ]
      }
    },
    {
      "type": "Feature",
      "properties": {
        "name": "Genesee Avenue",
        "kind": "shared"
      },
      "geometry": {
        "type": "LineString",
        "coordinates": [
          [
            -117.1947505,
            32.8325543
          ],
          [
            -117.1947474,
            32.8328032
          ],
          [
            -117.1947469,
            32.8328413
          ],
          [
            -117.1947461,
            32.8329122
          ]
        ]
      }
    },
    {
      "type": "Feature",
      "properties": {
        "name": "Genesee Avenue",
        "kind": "shared"
      },
      "geometry": {
        "type": "LineString",
        "coordinates": [
          [
            -117.1947461,
            32.8329122
          ],
          [
            -117.194746,
            32.8329934
          ],
          [
            -117.1947453,
            32.8333832
          ]
        ]
      }
    },
    {
      "type": "Feature",
      "properties": {
        "name": "Genesee Avenue",
        "kind": "lane"
      },
      "geometry": {
        "type": "LineString",
        "coordinates": [
          [
            -117.1935739,
            32.8289889
          ],
          [
            -117.1934681,
            32.8288298
          ],
          [
            -117.1933787,
            32.8286835
          ],
          [
            -117.1933668,
            32.8286639
          ],
          [
            -117.1933295,
            32.8286029
          ]
        ]
      }
    },
    {
      "type": "Feature",
      "properties": {
        "name": "Genesee Avenue",
        "kind": "lane"
      },
      "geometry": {
        "type": "LineString",
        "coordinates": [
          [
            -117.1933295,
            32.8286029
          ],
          [
            -117.1930036,
            32.8281346
          ],
          [
            -117.1927883,
            32.8278525
          ],
          [
            -117.1925814,
            32.8276206
          ],
          [
            -117.1922328,
            32.8273095
          ],
          [
            -117.1920528,
            32.8271627
          ],
          [
            -117.1917607,
            32.826976
          ],
          [
            -117.1915139,
            32.8268497
          ],
          [
            -117.1912875,
            32.8267297
          ]
        ]
      }
    },
    {
      "type": "Feature",
      "properties": {
        "name": "Genesee Avenue",
        "kind": "lane"
      },
      "geometry": {
        "type": "LineString",
        "coordinates": [
          [
            -117.1932013,
            32.828649
          ],
          [
            -117.1932509,
            32.828726
          ],
          [
            -117.1933629,
            32.8288846
          ]
        ]
      }
    },
    {
      "type": "Feature",
      "properties": {
        "name": "Genesee Avenue",
        "kind": "lane"
      },
      "geometry": {
        "type": "LineString",
        "coordinates": [
          [
            -117.1905896,
            32.8265232
          ],
          [
            -117.1906875,
            32.8265709
          ],
          [
            -117.1910791,
            32.8267615
          ],
          [
            -117.1913286,
            32.8268855
          ],
          [
            -117.1915405,
            32.8269959
          ],
          [
            -117.1916326,
            32.8270497
          ]
        ]
      }
    },
    {
      "type": "Feature",
      "properties": {
        "name": "Genesee Avenue",
        "kind": "lane"
      },
      "geometry": {
        "type": "LineString",
        "coordinates": [
          [
            -117.1912875,
            32.8267297
          ],
          [
            -117.1907864,
            32.826473
          ],
          [
            -117.1907617,
            32.8264603
          ],
          [
            -117.1906665,
            32.8264116
          ]
        ]
      }
    },
    {
      "type": "Feature",
      "properties": {
        "name": "Genesee Avenue",
        "kind": "lane"
      },
      "geometry": {
        "type": "LineString",
        "coordinates": [
          [
            -117.1898695,
            32.8261907
          ],
          [
            -117.1904862,
            32.8264755
          ],
          [
            -117.1905156,
            32.8264891
          ],
          [
            -117.1905896,
            32.8265232
          ]
        ]
      }
    },
    {
      "type": "Feature",
      "properties": {
        "name": "Genesee Avenue",
        "kind": "lane"
      },
      "geometry": {
        "type": "LineString",
        "coordinates": [
          [
            -117.1906665,
            32.8264116
          ],
          [
            -117.1905891,
            32.8263749
          ],
          [
            -117.1884419,
            32.8253572
          ]
        ]
      }
    },
    {
      "type": "Feature",
      "properties": {
        "name": "Genesee Avenue",
        "kind": "lane"
      },
      "geometry": {
        "type": "LineString",
        "coordinates": [
          [
            -117.193889,
            32.8297002
          ],
          [
            -117.1940231,
            32.8299161
          ],
          [
            -117.1945489,
            32.8307972
          ],
          [
            -117.1946321,
            32.8309516
          ],
          [
            -117.1946774,
            32.8310599
          ],
          [
            -117.194719,
            32.8311981
          ],
          [
            -117.1947411,
            32.8313374
          ],
          [
            -117.1947511,
            32.83143
          ],
          [
            -117.1947526,
            32.8317917
          ],
          [
            -117.1947544,
            32.8318876
          ]
        ]
      }
    },
    {
      "type": "Feature",
      "properties": {
        "name": "Genesee Avenue",
        "kind": "lane"
      },
      "geometry": {
        "type": "LineString",
        "coordinates": [
          [
            -117.1916326,
            32.8270497
          ],
          [
            -117.1917336,
            32.8271086
          ],
          [
            -117.191983,
            32.8272776
          ],
          [
            -117.192034,
            32.8273182
          ],
          [
            -117.1922888,
            32.8275256
          ],
          [
            -117.192498,
            32.8277149
          ],
          [
            -117.192667,
            32.8278975
          ],
          [
            -117.1928816,
            32.8281709
          ],
          [
            -117.1930492,
            32.8283984
          ],
          [
            -117.1931517,
            32.8285673
          ],
          [
            -117.1932013,
            32.828649
          ]
        ]
      }
    },
    {
      "type": "Feature",
      "properties": {
        "name": "Clairemont Mesa Boulevard",
        "kind": "lane"
      },
      "geometry": {
        "type": "LineString",
        "coordinates": [
          [
            -117.197739,
            32.8345093
          ],
          [
            -117.198242,
            32.8344254
          ],
          [
            -117.198593,
            32.8343374
          ],
          [
            -117.199013,
            32.8341964
          ],
          [
            -117.199432,
            32.8340134
          ],
          [
            -117.199783,
            32.8338264
          ],
          [
            -117.1998226,
            32.8337999
          ],
          [
            -117.1998961,
            32.8337507
          ],
          [
            -117.200172,
            32.8335664
          ],
          [
            -117.2002701,
            32.8334864
          ]
        ]
      }
    },
    {
      "type": "Feature",
      "properties": {
        "name": "Clairemont Mesa Boulevard",
        "kind": "shared"
      },
      "geometry": {
        "type": "LineString",
        "coordinates": [
          [
            -117.1935581,
            32.8344323
          ],
          [
            -117.1933454,
            32.8344337
          ],
          [
            -117.1918107,
            32.8344309
          ]
        ]
      }
    },
    {
      "type": "Feature",
      "properties": {
        "name": "Clairemont Mesa Boulevard",
        "kind": "shared"
      },
      "geometry": {
        "type": "LineString",
        "coordinates": [
          [
            -117.1915305,
            32.8345567
          ],
          [
            -117.1916227,
            32.8345574
          ],
          [
            -117.1933461,
            32.8345713
          ],
          [
            -117.1935374,
            32.8345705
          ]
        ]
      }
    },
    {
      "type": "Feature",
      "properties": {
        "name": "Genesee Avenue",
        "kind": "lane"
      },
      "geometry": {
        "type": "LineString",
        "coordinates": [
          [
            -117.1948556,
            32.8317589
          ],
          [
            -117.1948506,
            32.8313916
          ],
          [
            -117.1948358,
            32.8312668
          ],
          [
            -117.1947929,
            32.8310947
          ],
          [
            -117.1947288,
            32.830936
          ],
          [
            -117.1946362,
            32.8307638
          ],
          [
            -117.1939912,
            32.8296529
          ]
        ]
      }
    },
    {
      "type": "Feature",
      "properties": {
        "name": "Genesee Avenue",
        "kind": "shared"
      },
      "geometry": {
        "type": "LineString",
        "coordinates": [
          [
            -117.1959096,
            32.8373938
          ],
          [
            -117.1959042,
            32.8373797
          ],
          [
            -117.1957373,
            32.8369467
          ],
          [
            -117.1956261,
            32.8367119
          ],
          [
            -117.1950502,
            32.8356408
          ]
        ]
      }
    },
    {
      "type": "Feature",
      "properties": {
        "name": "Clairemont Mesa Boulevard",
        "kind": "shared"
      },
      "geometry": {
        "type": "LineString",
        "coordinates": [
          [
            -117.193799,
            32.834568
          ],
          [
            -117.1940838,
            32.8345659
          ]
        ]
      }
    },
    {
      "type": "Feature",
      "properties": {
        "name": "Clairemont Mesa Boulevard",
        "kind": "shared"
      },
      "geometry": {
        "type": "LineString",
        "coordinates": [
          [
            -117.1957026,
            32.834425
          ],
          [
            -117.1955664,
            32.834424
          ]
        ]
      }
    },
    {
      "type": "Feature",
      "properties": {
        "name": "Clairemont Mesa Boulevard",
        "kind": "shared"
      },
      "geometry": {
        "type": "LineString",
        "coordinates": [
          [
            -117.1955664,
            32.834424
          ],
          [
            -117.1954141,
            32.8344237
          ],
          [
            -117.1951445,
            32.8344254
          ],
          [
            -117.1950005,
            32.8344265
          ],
          [
            -117.1949778,
            32.8344267
          ],
          [
            -117.1948598,
            32.834426
          ]
        ]
      }
    },
    {
      "type": "Feature",
      "properties": {
        "name": "Clairemont Mesa Boulevard",
        "kind": "shared"
      },
      "geometry": {
        "type": "LineString",
        "coordinates": [
          [
            -117.1940838,
            32.8345659
          ],
          [
            -117.1941655,
            32.8345653
          ],
          [
            -117.1944157,
            32.8345636
          ],
          [
            -117.1946413,
            32.8345624
          ],
          [
            -117.1946591,
            32.8345623
          ],
          [
            -117.1947269,
            32.8345613
          ]
        ]
      }
    },
    {
      "type": "Feature",
      "properties": {
        "name": "Genesee Avenue",
        "kind": "lane"
      },
      "geometry": {
        "type": "LineString",
        "coordinates": [
          [
            -117.194861,
            32.8318935
          ],
          [
            -117.1948556,
            32.8317589
          ]
        ]
      }
    },
    {
      "type": "Feature",
      "properties": {
        "name": "Clairemont Mesa Boulevard",
        "kind": "lane"
      },
      "geometry": {
        "type": "LineString",
        "coordinates": [
          [
            -117.1981363,
            32.834303
          ],
          [
            -117.1977178,
            32.8343741
          ]
        ]
      }
    },
    {
      "type": "Feature",
      "properties": {
        "name": "Clairemont Mesa Boulevard",
        "kind": "shared"
      },
      "geometry": {
        "type": "LineString",
        "coordinates": [
          [
            -117.1912495,
            32.8345562
          ],
          [
            -117.1914553,
            32.8345566
          ],
          [
            -117.1915305,
            32.8345567
          ]
        ]
      }
    },
    {
      "type": "Feature",
      "properties": {
        "name": "Clairemont Mesa Boulevard",
        "kind": "shared"
      },
      "geometry": {
        "type": "LineString",
        "coordinates": [
          [
            -117.1918107,
            32.8344309
          ],
          [
            -117.1916089,
            32.8344246
          ],
          [
            -117.1915316,
            32.8344304
          ]
        ]
      }
    },
    {
      "type": "Feature",
      "properties": {
        "name": "Clairemont Mesa Boulevard",
        "kind": "lane"
      },
      "geometry": {
        "type": "LineString",
        "coordinates": [
          [
            -117.1974374,
            32.834538
          ],
          [
            -117.197548,
            32.8345324
          ],
          [
            -117.197739,
            32.8345093
          ]
        ]
      }
    },
    {
      "type": "Feature",
      "properties": {
        "name": "Clairemont Mesa Boulevard",
        "kind": "lane"
      },
      "geometry": {
        "type": "LineString",
        "coordinates": [
          [
            -117.1977178,
            32.8343741
          ],
          [
            -117.1975314,
            32.8343954
          ],
          [
            -117.1970311,
            32.8344208
          ],
          [
            -117.1969549,
            32.8344215
          ]
        ]
      }
    },
    {
      "type": "Feature",
      "properties": {
        "name": "Clairemont Mesa Boulevard",
        "kind": "lane"
      },
      "geometry": {
        "type": "LineString",
        "coordinates": [
          [
            -117.1954906,
            32.834568
          ],
          [
            -117.1958703,
            32.8345697
          ],
          [
            -117.1961456,
            32.8345671
          ],
          [
            -117.1964362,
            32.8345643
          ]
        ]
      }
    },
    {
      "type": "Feature",
      "properties": {
        "name": "Clairemont Mesa Boulevard",
        "kind": "lane"
      },
      "geometry": {
        "type": "LineString",
        "coordinates": [
          [
            -117.1969549,
            32.8344215
          ],
          [
            -117.1961735,
            32.8344292
          ]
        ]
      }
    },
    {
      "type": "Feature",
      "properties": {
        "name": "Clairemont Mesa Boulevard",
        "kind": "lane"
      },
      "geometry": {
        "type": "LineString",
        "coordinates": [
          [
            -117.1964362,
            32.8345643
          ],
          [
            -117.197037,
            32.8345584
          ],
          [
            -117.1974374,
            32.834538
          ]
        ]
      }
    },
    {
      "type": "Feature",
      "properties": {
        "name": "Clairemont Mesa Boulevard",
        "kind": "lane"
      },
      "geometry": {
        "type": "LineString",
        "coordinates": [
          [
            -117.1948562,
            32.8345653
          ],
          [
            -117.1949818,
            32.8345675
          ],
          [
            -117.1951258,
            32.8345664
          ],
          [
            -117.1954906,
            32.834568
          ]
        ]
      }
    },
    {
      "type": "Feature",
      "properties": {
        "name": "Clairemont Mesa Boulevard",
        "kind": "shared"
      },
      "geometry": {
        "type": "LineString",
        "coordinates": [
          [
            -117.1961735,
            32.8344292
          ],
          [
            -117.1961437,
            32.8344295
          ],
          [
            -117.1959048,
            32.8344271
          ],
          [
            -117.1957026,
            32.834425
          ]
        ]
      }
    },
    {
      "type": "Feature",
      "properties": {
        "name": "Genesee Avenue",
        "kind": "lane"
      },
      "geometry": {
        "type": "LineString",
        "coordinates": [
          [
            -117.1933629,
            32.8288846
          ],
          [
            -117.1935568,
            32.8291696
          ]
        ]
      }
    },
    {
      "type": "Feature",
      "properties": {
        "name": "Genesee Avenue",
        "kind": "lane"
      },
      "geometry": {
        "type": "LineString",
        "coordinates": [
          [
            -117.1939912,
            32.8296529
          ],
          [
            -117.1937742,
            32.8292791
          ],
          [
            -117.1935739,
            32.8289889
          ]
        ]
      }
    },
    {
      "type": "Feature",
      "properties": {
        "name": "Genesee Avenue",
        "kind": "lane"
      },
      "geometry": {
        "type": "LineString",
        "coordinates": [
          [
            -117.1935568,
            32.8291696
          ],
          [
            -117.1935849,
            32.8292108
          ],
          [
            -117.193889,
            32.8297002
          ]
        ]
      }
    },
    {
      "type": "Feature",
      "properties": {
        "name": "Clairemont Mesa Boulevard",
        "kind": "shared"
      },
      "geometry": {
        "type": "LineString",
        "coordinates": [
          [
            -117.1935374,
            32.8345705
          ],
          [
            -117.193799,
            32.834568
          ]
        ]
      }
    },
    {
      "type": "Feature",
      "properties": {
        "name": "Clairemont Mesa Boulevard",
        "kind": "shared"
      },
      "geometry": {
        "type": "LineString",
        "coordinates": [
          [
            -117.1947365,
            32.8344249
          ],
          [
            -117.1946559,
            32.8344257
          ],
          [
            -117.1945088,
            32.8344263
          ],
          [
            -117.1941414,
            32.8344286
          ],
          [
            -117.1935581,
            32.8344323
          ]
        ]
      }
    },
    {
      "type": "Feature",
      "properties": {
        "name": "Genesee Avenue",
        "kind": "shared"
      },
      "geometry": {
        "type": "LineString",
        "coordinates": [
          [
            -117.1948578,
            32.834748
          ],
          [
            -117.1948584,
            32.8346558
          ],
          [
            -117.1948585,
            32.8346424
          ],
          [
            -117.1948562,
            32.8345653
          ]
        ]
      }
    },
    {
      "type": "Feature",
      "properties": {
        "name": "Balboa Avenue",
        "kind": "lane"
      },
      "geometry": {
        "type": "LineString",
        "coordinates": [
          [
            -117.1884047,
            32.8170239
          ],
          [
            -117.1887913,
            32.8168841
          ],
          [
            -117.18963,
            32.8166015
          ],
          [
            -117.190055,
            32.8164556
          ],
          [
            -117.1914554,
            32.8160208
          ],
          [
            -117.1921574,
            32.8157848
          ],
          [
            -117.1925084,
            32.815614
          ],
          [
            -117.1927191,
            32.815496
          ],
          [
            -117.1933072,
            32.8150986
          ],
          [
            -117.1935928,
            32.8148454
          ],
          [
            -117.1942851,
            32.8142315
          ],
          [
            -117.1952093,
            32.813389
          ],
          [
            -117.1956223,
            32.8130724
          ],
          [
            -117.1957667,
            32.8129616
          ],
          [
            -117.1961677,
            32.8127068
          ],
          [
            -117.1968278,
            32.8123781
          ],
          [
            -117.1969752,
            32.8123239
          ]
        ]
      }
    },
    {
      "type": "Feature",
      "properties": {
        "name": "Balboa Avenue",
        "kind": "lane"
      },
      "geometry": {
        "type": "LineString",
        "coordinates": [
          [
            -117.1889673,
            32.8166885
          ],
          [
            -117.1887607,
            32.816759
          ]
        ]
      }
    },
    {
      "type": "Feature",
      "properties": {
        "name": "Balboa Avenue",
        "kind": "lane"
      },
      "geometry": {
        "type": "LineString",
        "coordinates": [
          [
            -117.1887607,
            32.816759
          ],
          [
            -117.1887034,
            32.8167762
          ]
        ]
      }
    },
    {
      "type": "Feature",
      "properties": {
        "name": "Balboa Avenue",
        "kind": "lane"
      },
      "geometry": {
        "type": "LineString",
        "coordinates": [
          [
            -117.187758,
            32.8172555
          ],
          [
            -117.1880153,
            32.8171636
          ],
          [
            -117.1881908,
            32.8171006
          ]
        ]
      }
    },
    {
      "type": "Feature",
      "properties": {
        "name": "Balboa Avenue",
        "kind": "lane"
      },
      "geometry": {
        "type": "LineString",
        "coordinates": [
          [
            -117.1881908,
            32.8171006
          ],
          [
            -117.1884047,
            32.8170239
          ]
        ]
      }
    },
    {
      "type": "Feature",
      "properties": {
        "name": "Genesee Avenue",
        "kind": "shared"
      },
      "geometry": {
        "type": "LineString",
        "coordinates": [
          [
            -117.1960181,
            32.8376872
          ],
          [
            -117.1959888,
            32.8376009
          ],
          [
            -117.1959096,
            32.8373938
          ]
        ]
      }
    },
    {
      "type": "Feature",
      "properties": {
        "name": "Genesee Avenue",
        "kind": "lane"
      },
      "geometry": {
        "type": "LineString",
        "coordinates": [
          [
            -117.1962341,
            32.8382885
          ],
          [
            -117.1960776,
            32.8378425
          ],
          [
            -117.1960576,
            32.8377855
          ],
          [
            -117.1960559,
            32.837778
          ],
          [
            -117.1960181,
            32.8376872
          ]
        ]
      }
    },
    {
      "type": "Feature",
      "properties": {
        "name": "Clairemont Mesa Boulevard",
        "kind": "lane"
      },
      "geometry": {
        "type": "LineString",
        "coordinates": [
          [
            -117.2007568,
            32.832896
          ],
          [
            -117.2006909,
            32.8329597
          ],
          [
            -117.2004354,
            32.8332067
          ],
          [
            -117.2002302,
            32.8333796
          ],
          [
            -117.2000444,
            32.8335286
          ],
          [
            -117.1997363,
            32.8337104
          ],
          [
            -117.199682,
            32.8337349
          ],
          [
            -117.1993503,
            32.833894
          ],
          [
            -117.1989447,
            32.8340711
          ],
          [
            -117.1985391,
            32.8342073
          ],
          [
            -117.1982026,
            32.8342917
          ],
          [
            -117.1981363,
            32.834303
          ]
        ]
      }
    },
    {
      "type": "Feature",
      "properties": {
        "name": "Genesee Avenue",
        "kind": "shared"
      },
      "geometry": {
        "type": "LineString",
        "coordinates": [
          [
            -117.1958004,
            32.8374279
          ],
          [
            -117.1958685,
            32.8376367
          ],
          [
            -117.1958862,
            32.8376874
          ],
          [
            -117.1959094,
            32.8377506
          ]
        ]
      }
    },
    {
      "type": "Feature",
      "properties": {
        "name": "La Jolla Village Drive",
        "kind": "lane"
      },
      "geometry": {
        "type": "LineString",
        "coordinates": [
          [
            -117.2422354,
            32.8701132
          ],
          [
            -117.2421432,
            32.8700838
          ],
          [
            -117.2419437,
            32.8700439
          ],
          [
            -117.2417129,
            32.8700235
          ],
          [
            -117.24145,
            32.8700281
          ],
          [
            -117.2412482,
            32.8700522
          ],
          [
            -117.2410162,
            32.8701002
          ],
          [
            -117.2409838,
            32.8701067
          ],
          [
            -117.2409118,
            32.8701226
          ]
        ]
      }
    },
    {
      "type": "Feature",
      "properties": {
        "name": "Gilman Drive",
        "kind": "lane"
      },
      "geometry": {
        "type": "LineString",
        "coordinates": [
          [
            -117.2381423,
            32.8701508
          ],
          [
            -117.2380485,
            32.8703557
          ],
          [
            -117.2380094,
            32.8705765
          ],
          [
            -117.2379617,
            32.8708197
          ],
          [
            -117.2379299,
            32.8710198
          ]
        ]
      }
    },
    {
      "type": "Feature",
      "properties": {
        "name": null,
        "kind": "lane"
      },
      "geometry": {
        "type": "LineString",
        "coordinates": [
          [
            -117.2403172,
            32.8704359
          ],
          [
            -117.2400794,
            32.8705211
          ],
          [
            -117.2395308,
            32.8707996
          ],
          [
            -117.2392375,
            32.8709451
          ],
          [
            -117.2389631,
            32.8710675
          ],
          [
            -117.2387741,
            32.8711287
          ],
          [
            -117.2386073,
            32.8711653
          ],
          [
            -117.2384064,
            32.8711873
          ]
        ]
      }
    },
    {
      "type": "Feature",
      "properties": {
        "name": "North Torrey Pines Road",
        "kind": "lane"
      },
      "geometry": {
        "type": "LineString",
        "coordinates": [
          [
            -117.242297,
            32.8703045
          ],
          [
            -117.2425102,
            32.8703928
          ],
          [
            -117.2426868,
            32.8704989
          ],
          [
            -117.2428103,
            32.8705874
          ]
        ]
      }
    },
    {
      "type": "Feature",
      "properties": {
        "name": "Gilman Drive",
        "kind": "lane"
      },
      "geometry": {
        "type": "LineString",
        "coordinates": [
          [
            -117.2378891,
            32.871216
          ],
          [
            -117.2377601,
            32.8720115
          ]
        ]
      }
    },
    {
      "type": "Feature",
      "properties": {
        "name": "North Torrey Pines Road",
        "kind": "lane"
      },
      "geometry": {
        "type": "LineString",
        "coordinates": [
          [
            -117.2436814,
            32.8716502
          ],
          [
            -117.2436409,
            32.8715178
          ],
          [
            -117.2435952,
            32.8713965
          ],
          [
            -117.2435073,
            32.8712091
          ],
          [
            -117.2434986,
            32.871191
          ],
          [
            -117.2434903,
            32.8711783
          ],
          [
            -117.2434606,
            32.8711118
          ]
        ]
      }
    },
    {
      "type": "Feature",
      "properties": {
        "name": "Gilman Drive",
        "kind": "lane"
      },
      "geometry": {
        "type": "LineString",
        "coordinates": [
          [
            -117.2379789,
            32.8732692
          ],
          [
            -117.2379369,
            32.8728955
          ]
        ]
      }
    },
    {
      "type": "Feature",
      "properties": {
        "name": "Gilman Drive",
        "kind": "shared"
      },
      "geometry": {
        "type": "LineString",
        "coordinates": [
          [
            -117.2381822,
            32.8741775
          ],
          [
            -117.2382197,
            32.8742576
          ],
          [
            -117.2390078,
            32.8755032
          ],
          [
            -117.2390689,
            32.8756451
          ]
        ]
      }
    },
    {
      "type": "Feature",
      "properties": {
        "name": "North Torrey Pines Road",
        "kind": "lane"
      },
      "geometry": {
        "type": "LineString",
        "coordinates": [
          [
            -117.243027,
            32.8705432
          ],
          [
            -117.2428599,
            32.8704157
          ],
          [
            -117.2426554,
            32.8702798
          ],
          [
            -117.2424422,
            32.8701789
          ],
          [
            -117.2423428,
            32.8701462
          ]
        ]
      }
    },
    {
      "type": "Feature",
      "properties": {
        "name": "Theatre District Drive",
        "kind": "lane"
      },
      "geometry": {
        "type": "LineString",
        "coordinates": [
          [
            -117.2401771,
            32.872505
          ],
          [
            -117.2401118,
            32.872517
          ],
          [
            -117.2400399,
            32.8725367
          ],
          [
            -117.239899,
            32.8725833
          ],
          [
            -117.2397898,
            32.8726689
          ],
          [
            -117.2395715,
            32.8729439
          ],
          [
            -117.2395198,
            32.8729846
          ],
          [
            -117.2394638,
            32.8730233
          ],
          [
            -117.239455,
            32.8730295
          ],
          [
            -117.2392921,
            32.8731083
          ]
        ]
      }
    },
    {
      "type": "Feature",
      "properties": {
        "name": "Biomedical Sciences Way",
        "kind": "lane"
      },
      "geometry": {
        "type": "LineString",
        "coordinates": [
          [
            -117.2382805,
            32.8741054
          ],
          [
            -117.2381822,
            32.8741775
          ]
        ]
      }
    },
    {
      "type": "Feature",
      "properties": {
        "name": "Gilman Drive",
        "kind": "lane"
      },
      "geometry": {
        "type": "LineString",
        "coordinates": [
          [
            -117.2379131,
            32.8726842
          ],
          [
            -117.2379076,
            32.8726074
          ],
          [
            -117.237911,
            32.8724312
          ],
          [
            -117.2379115,
            32.8724049
          ],
          [
            -117.2379135,
            32.8723634
          ]
        ]
      }
    },
    {
      "type": "Feature",
      "properties": {
        "name": "La Jolla Village Drive",
        "kind": "lane"
      },
      "geometry": {
        "type": "LineString",
        "coordinates": [
          [
            -117.2393634,
            32.871292
          ],
          [
            -117.2397331,
            32.8710609
          ],
          [
            -117.240246,
            32.8706782
          ]
        ]
      }
    },
    {
      "type": "Feature",
      "properties": {
        "name": null,
        "kind": "lane"
      },
      "geometry": {
        "type": "LineString",
        "coordinates": [
          [
            -117.2380863,
            32.8723794
          ],
          [
            -117.2381821,
            32.8722457
          ],
          [
            -117.2383902,
            32.8720252
          ],
          [
            -117.2385436,
            32.871891
          ],
          [
            -117.2387243,
            32.8717541
          ],
          [
            -117.2388786,
            32.8716457
          ],
          [
            -117.239096,
            32.8715161
          ],
          [
            -117.2393634,
            32.871292
          ]
        ]
      }
    },
    {
      "type": "Feature",
      "properties": {
        "name": null,
        "kind": "track"
      },
      "geometry": {
        "type": "LineString",
        "coordinates": [
          [
            -117.2350059,
            32.8715226
          ],
          [
            -117.2349907,
            32.871506
          ],
          [
            -117.2348638,
            32.8714414
          ],
          [
            -117.2348243,
            32.8714312
          ],
          [
            -117.2347882,
            32.8714283
          ],
          [
            -117.2347536,
            32.8714319
          ],
          [
            -117.2347206,
            32.8714455
          ],
          [
            -117.2346941,
            32.87147
          ],
          [
            -117.2346741,
            32.8715078
          ],
          [
            -117.2346352,
            32.872028
          ]
        ]
      }
    },
    {
      "type": "Feature",
      "properties": {
        "name": null,
        "kind": "track"
      },
      "geometry": {
        "type": "LineString",
        "coordinates": [
          [
            -117.2346352,
            32.872028
          ],
          [
            -117.2346201,
            32.8721239
          ],
          [
            -117.2346002,
            32.872192
          ],
          [
            -117.2345359,
            32.87227
          ],
          [
            -117.2345172,
            32.8723501
          ],
          [
            -117.2345473,
            32.8725089
          ],
          [
            -117.2345645,
            32.8727366
          ],
          [
            -117.2345773,
            32.8728424
          ],
          [
            -117.2345833,
            32.8728918
          ],
          [
            -117.2346751,
            32.8731096
          ],
          [
            -117.2347374,
            32.8731663
          ],
          [
            -117.2348214,
            32.8732107
          ],
          [
            -117.2349246,
            32.8732249
          ],
          [
            -117.2350666,
            32.8732283
          ],
          [
            -117.2351052,
            32.8732304
          ]
        ]
      }
    },
    {
      "type": "Feature",
      "properties": {
        "name": "Gilman Drive",
        "kind": "lane"
      },
      "geometry": {
        "type": "LineString",
        "coordinates": [
          [
            -117.2372438,
            32.8665653
          ],
          [
            -117.237353,
            32.8668301
          ],
          [
            -117.237563,
            32.8673049
          ],
          [
            -117.2377847,
            32.8678175
          ],
          [
            -117.2379182,
            32.8681502
          ],
          [
            -117.237971,
            32.8683526
          ]
        ]
      }
    },
    {
      "type": "Feature",
      "properties": {
        "name": "Gilman Drive",
        "kind": "lane"
      },
      "geometry": {
        "type": "LineString",
        "coordinates": [
          [
            -117.2379135,
            32.8723634
          ],
          [
            -117.2379318,
            32.8720982
          ],
          [
            -117.2380149,
            32.8715193
          ]
        ]
      }
    },
    {
      "type": "Feature",
      "properties": {
        "name": "Gilman Drive",
        "kind": "lane"
      },
      "geometry": {
        "type": "LineString",
        "coordinates": [
          [
            -117.2377323,
            32.8723433
          ],
          [
            -117.2377322,
            32.8723914
          ],
          [
            -117.2377493,
            32.8726852
          ],
          [
            -117.2377781,
            32.8729201
          ],
          [
            -117.2378197,
            32.8731919
          ],
          [
            -117.2378434,
            32.8732899
          ]
        ]
      }
    },
    {
      "type": "Feature",
      "properties": {
        "name": "Gilman Drive",
        "kind": "lane"
      },
      "geometry": {
        "type": "LineString",
        "coordinates": [
          [
            -117.2379299,
            32.8710198
          ],
          [
            -117.2378891,
            32.871216
          ]
        ]
      }
    },
    {
      "type": "Feature",
      "properties": {
        "name": "Gilman Drive",
        "kind": "shared"
      },
      "geometry": {
        "type": "LineString",
        "coordinates": [
          [
            -117.2392115,
            32.8760091
          ],
          [
            -117.239223,
            32.8759386
          ],
          [
            -117.239223,
            32.8758439
          ],
          [
            -117.2392161,
            32.8757431
          ],
          [
            -117.2391996,
            32.8756579
          ],
          [
            -117.2391707,
            32.875563
          ],
          [
            -117.239126,
            32.8754523
          ],
          [
            -117.2386151,
            32.874632
          ],
          [
            -117.2385027,
            32.8744594
          ]
        ]
      }
    },
    {
      "type": "Feature",
      "properties": {
        "name": "La Jolla Village Drive",
        "kind": "lane"
      },
      "geometry": {
        "type": "LineString",
        "coordinates": [
          [
            -117.2409716,
            32.8702613
          ],
          [
            -117.2410323,
            32.8702466
          ],
          [
            -117.2412619,
            32.8702056
          ]
        ]
      }
    },
    {
      "type": "Feature",
      "properties": {
        "name": "La Jolla Village Drive",
        "kind": "lane"
      },
      "geometry": {
        "type": "LineString",
        "coordinates": [
          [
            -117.240246,
            32.8706782
          ],
          [
            -117.2404015,
            32.8705634
          ],
          [
            -117.240553,
            32.8704553
          ],
          [
            -117.2407519,
            32.8703424
          ],
          [
            -117.2408368,
            32.8703086
          ]
        ]
      }
    },
    {
      "type": "Feature",
      "properties": {
        "name": "La Jolla Village Drive",
        "kind": "lane"
      },
      "geometry": {
        "type": "LineString",
        "coordinates": [
          [
            -117.2412619,
            32.8702056
          ],
          [
            -117.2414965,
            32.8701895
          ],
          [
            -117.2416955,
            32.8701899
          ],
          [
            -117.2418618,
            32.8702039
          ],
          [
            -117.242083,
            32.8702462
          ],
          [
            -117.2421244,
            32.8702541
          ],
          [
            -117.2422018,
            32.8702771
          ]
        ]
      }
    },
    {
      "type": "Feature",
      "properties": {
        "name": "North Torrey Pines Road",
        "kind": "lane"
      },
      "geometry": {
        "type": "LineString",
        "coordinates": [
          [
            -117.2434606,
            32.8711118
          ],
          [
            -117.2434094,
            32.8710209
          ]
        ]
      }
    },
    {
      "type": "Feature",
      "properties": {
        "name": "North Torrey Pines Road",
        "kind": "lane"
      },
      "geometry": {
        "type": "LineString",
        "coordinates": [
          [
            -117.2432737,
            32.8710749
          ],
          [
            -117.24333,
            32.8711668
          ]
        ]
      }
    },
    {
      "type": "Feature",
      "properties": {
        "name": "North Torrey Pines Road",
        "kind": "lane"
      },
      "geometry": {
        "type": "LineString",
        "coordinates": [
          [
            -117.2428103,
            32.8705874
          ],
          [
            -117.2428975,
            32.8706645
          ]
        ]
      }
    },
    {
      "type": "Feature",
      "properties": {
        "name": "North Torrey Pines Road",
        "kind": "lane"
      },
      "geometry": {
        "type": "LineString",
        "coordinates": [
          [
            -117.2434094,
            32.8710209
          ],
          [
            -117.2433504,
            32.8709264
          ],
          [
            -117.2431987,
            32.8707319
          ],
          [
            -117.243027,
            32.8705432
          ]
        ]
      }
    },
    {
      "type": "Feature",
      "properties": {
        "name": "North Torrey Pines Road",
        "kind": "lane"
      },
      "geometry": {
        "type": "LineString",
        "coordinates": [
          [
            -117.2437472,
            32.8755491
          ],
          [
            -117.2437477,
            32.8754005
          ],
          [
            -117.2437584,
            32.8720795
          ],
          [
            -117.2437479,
            32.8719843
          ],
          [
            -117.2437337,
            32.8718729
          ],
          [
            -117.2436814,
            32.8716502
          ]
        ]
      }
    },
    {
      "type": "Feature",
      "properties": {
        "name": "North Torrey Pines Road",
        "kind": "lane"
      },
      "geometry": {
        "type": "LineString",
        "coordinates": [
          [
            -117.2428975,
            32.8706645
          ],
          [
            -117.2429943,
            32.87075
          ],
          [
            -117.2431392,
            32.8708992
          ],
          [
            -117.2432074,
            32.8709859
          ],
          [
            -117.2432737,
            32.8710749
          ]
        ]
      }
    },
    {
      "type": "Feature",
      "properties": {
        "name": "North Torrey Pines Road",
        "kind": "lane"
      },
      "geometry": {
        "type": "LineString",
        "coordinates": [
          [
            -117.24333,
            32.8711668
          ],
          [
            -117.243371,
            32.8712385
          ],
          [
            -117.2434508,
            32.8714014
          ],
          [
            -117.2435099,
            32.8715471
          ],
          [
            -117.2435616,
            32.8717245
          ],
          [
            -117.243595,
            32.8718841
          ],
          [
            -117.2436123,
            32.8720342
          ],
          [
            -117.2436053,
            32.8750834
          ]
        ]
      }
    },
    {
      "type": "Feature",
      "properties": {
        "name": "Torrey Pines Road",
        "kind": "lane"
      },
      "geometry": {
        "type": "LineString",
        "coordinates": [
          [
            -117.242368,
            32.8694429
          ],
          [
            -117.242312,
            32.8697223
          ]
        ]
      }
    },
    {
      "type": "Feature",
      "properties": {
        "name": "Torrey Pines Road",
        "kind": "lane"
      },
      "geometry": {
        "type": "LineString",
        "coordinates": [
          [
            -117.2428473,
            32.8673014
          ],
          [
            -117.2427894,
            32.8675421
          ]
        ]
      }
    },
    {
      "type": "Feature",
      "properties": {
        "name": "Torrey Pines Road",
        "kind": "lane"
      },
      "geometry": {
        "type": "LineString",
        "coordinates": [
          [
            -117.2424047,
            32.8692598
          ],
          [
            -117.242368,
            32.8694429
          ]
        ]
      }
    },
    {
      "type": "Feature",
      "properties": {
        "name": "Torrey Pines Road",
        "kind": "lane"
      },
      "geometry": {
        "type": "LineString",
        "coordinates": [
          [
            -117.242312,
            32.8697223
          ],
          [
            -117.2422614,
            32.8699768
          ],
          [
            -117.2422527,
            32.8700226
          ],
          [
            -117.2422354,
            32.8701132
          ]
        ]
      }
    },
    {
      "type": "Feature",
      "properties": {
        "name": "Torrey Pines Road",
        "kind": "lane"
      },
      "geometry": {
        "type": "LineString",
        "coordinates": [
          [
            -117.2430929,
            32.8668036
          ],
          [
            -117.2431776,
            32.8664311
          ],
          [
            -117.2432089,
            32.8662935
          ]
        ]
      }
    },
    {
      "type": "Feature",
      "properties": {
        "name": "Torrey Pines Road",
        "kind": "lane"
      },
      "geometry": {
        "type": "LineString",
        "coordinates": [
          [
            -117.2427894,
            32.8675421
          ],
          [
            -117.2424047,
            32.8692598
          ]
        ]
      }
    },
    {
      "type": "Feature",
      "properties": {
        "name": "Torrey Pines Road",
        "kind": "lane"
      },
      "geometry": {
        "type": "LineString",
        "coordinates": [
          [
            -117.2430687,
            32.8662767
          ],
          [
            -117.2428928,
            32.8670126
          ],
          [
            -117.2428473,
            32.8673014
          ]
        ]
      }
    },
    {
      "type": "Feature",
      "properties": {
        "name": "Torrey Pines Road",
        "kind": "lane"
      },
      "geometry": {
        "type": "LineString",
        "coordinates": [
          [
            -117.2423428,
            32.8701462
          ],
          [
            -117.2423648,
            32.8700531
          ],
          [
            -117.2425451,
            32.8691921
          ],
          [
            -117.2429201,
            32.867545
          ],
          [
            -117.2430206,
            32.8670758
          ],
          [
            -117.2430929,
            32.8668036
          ]
        ]
      }
    },
    {
      "type": "Feature",
      "properties": {
        "name": "Theatre District Drive",
        "kind": "lane"
      },
      "geometry": {
        "type": "LineString",
        "coordinates": [
          [
            -117.2392921,
            32.8731083
          ],
          [
            -117.2392635,
            32.873122
          ],
          [
            -117.2392404,
            32.8731334
          ],
          [
            -117.2391202,
            32.8732137
          ],
          [
            -117.239005,
            32.8733043
          ],
          [
            -117.2389152,
            32.8733928
          ],
          [
            -117.2388264,
            32.8734993
          ],
          [
            -117.238752,
            32.8736455
          ],
          [
            -117.2386892,
            32.8737612
          ],
          [
            -117.2385895,
            32.8738831
          ]
        ]
      }
    },
    {
      "type": "Feature",
      "properties": {
        "name": null,
        "kind": "track"
      },
      "geometry": {
        "type": "LineString",
        "coordinates": [
          [
            -117.2418031,
            32.8697525
          ],
          [
            -117.2418128,
            32.8697652
          ],
          [
            -117.2418373,
            32.8697969
          ],
          [
            -117.2418608,
            32.8698232
          ],
          [
            -117.2418867,
            32.86985
          ],
          [
            -117.2419276,
            32.8698665
          ],
          [
            -117.2419866,
            32.8698743
          ],
          [
            -117.2420361,
            32.8698853
          ],
          [
            -117.2421004,
            32.8699179
          ],
          [
            -117.2421306,
            32.8699506
          ],
          [
            -117.2421437,
            32.8699771
          ]
        ]
      }
    },
    {
      "type": "Feature",
      "properties": {
        "name": "La Jolla Village Drive",
        "kind": "lane"
      },
      "geometry": {
        "type": "LineString",
        "coordinates": [
          [
            -117.2407798,
            32.8701709
          ],
          [
            -117.2406333,
            32.8702406
          ],
          [
            -117.2404152,
            32.8703675
          ],
          [
            -117.2403172,
            32.8704359
          ]
        ]
      }
    },
    {
      "type": "Feature",
      "properties": {
        "name": "La Jolla Village Drive",
        "kind": "lane"
      },
      "geometry": {
        "type": "LineString",
        "coordinates": [
          [
            -117.2409118,
            32.8701226
          ],
          [
            -117.2407798,
            32.8701709
          ]
        ]
      }
    },
    {
      "type": "Feature",
      "properties": {
        "name": "Ridge Walk",
        "kind": "track"
      },
      "geometry": {
        "type": "LineString",
        "coordinates": [
          [
            -117.2421165,
            32.8703292
          ],
          [
            -117.2421146,
            32.8704316
          ],
          [
            -117.2421294,
            32.870495
          ],
          [
            -117.2421907,
            32.8706018
          ],
          [
            -117.2422201,
            32.87064
          ],
          [
            -117.2422803,
            32.870739
          ],
          [
            -117.2423128,
            32.870824
          ],
          [
            -117.242313,
            32.8709217
          ],
          [
            -117.2422842,
            32.8709956
          ],
          [
            -117.2422359,
            32.871066
          ],
          [
            -117.2422035,
            32.8711383
          ],
          [
            -117.2421556,
            32.8714225
          ]
        ]
      }
    },
    {
      "type": "Feature",
      "properties": {
        "name": "Gilman Drive",
        "kind": "lane"
      },
      "geometry": {
        "type": "LineString",
        "coordinates": [
          [
            -117.2380659,
            32.8712028
          ],
          [
            -117.2381522,
            32.8705937
          ],
          [
            -117.2381786,
            32.8703535
          ],
          [
            -117.2381423,
            32.8701508
          ]
        ]
      }
    },
    {
      "type": "Feature",
      "properties": {
        "name": "La Jolla Village Drive",
        "kind": "lane"
      },
      "geometry": {
        "type": "LineString",
        "coordinates": [
          [
            -117.2408368,
            32.8703086
          ],
          [
            -117.2409716,
            32.8702613
          ]
        ]
      }
    },
    {
      "type": "Feature",
      "properties": {
        "name": "Gilman Drive",
        "kind": "lane"
      },
      "geometry": {
        "type": "LineString",
        "coordinates": [
          [
            -117.2380149,
            32.8715193
          ],
          [
            -117.2380659,
            32.8712028
          ]
        ]
      }
    },
    {
      "type": "Feature",
      "properties": {
        "name": "Gilman Drive",
        "kind": "lane"
      },
      "geometry": {
        "type": "LineString",
        "coordinates": [
          [
            -117.2377601,
            32.8720115
          ],
          [
            -117.2377402,
            32.8722013
          ],
          [
            -117.2377323,
            32.8723433
          ]
        ]
      }
    },
    {
      "type": "Feature",
      "properties": {
        "name": "La Jolla Village Drive",
        "kind": "lane"
      },
      "geometry": {
        "type": "LineString",
        "coordinates": [
          [
            -117.2423428,
            32.8701462
          ],
          [
            -117.2422354,
            32.8701132
          ]
        ]
      }
    },
    {
      "type": "Feature",
      "properties": {
        "name": "Torrey Pines Road",
        "kind": "lane"
      },
      "geometry": {
        "type": "LineString",
        "coordinates": [
          [
            -117.2422354,
            32.8701132
          ],
          [
            -117.2422018,
            32.8702771
          ]
        ]
      }
    },
    {
      "type": "Feature",
      "properties": {
        "name": "Gilman Drive",
        "kind": "lane"
      },
      "geometry": {
        "type": "LineString",
        "coordinates": [
          [
            -117.2382805,
            32.8741054
          ],
          [
            -117.2382356,
            32.8740179
          ],
          [
            -117.2381558,
            32.8738509
          ],
          [
            -117.2380605,
            32.8735783
          ]
        ]
      }
    },
    {
      "type": "Feature",
      "properties": {
        "name": "Gilman Drive",
        "kind": "lane"
      },
      "geometry": {
        "type": "LineString",
        "coordinates": [
          [
            -117.2380605,
            32.8735783
          ],
          [
            -117.2379997,
            32.873348
          ],
          [
            -117.2379789,
            32.8732692
          ]
        ]
      }
    },
    {
      "type": "Feature",
      "properties": {
        "name": "Torrey Pines Road",
        "kind": "lane"
      },
      "geometry": {
        "type": "LineString",
        "coordinates": [
          [
            -117.242297,
            32.8703045
          ],
          [
            -117.2423428,
            32.8701462
          ]
        ]
      }
    },
    {
      "type": "Feature",
      "properties": {
        "name": "La Jolla Village Drive",
        "kind": "lane"
      },
      "geometry": {
        "type": "LineString",
        "coordinates": [
          [
            -117.2422018,
            32.8702771
          ],
          [
            -117.242297,
            32.8703045
          ]
        ]
      }
    },
    {
      "type": "Feature",
      "properties": {
        "name": "Gilman Drive",
        "kind": "lane"
      },
      "geometry": {
        "type": "LineString",
        "coordinates": [
          [
            -117.2378434,
            32.8732899
          ],
          [
            -117.237927,
            32.8735764
          ],
          [
            -117.2380267,
            32.8738272
          ]
        ]
      }
    },
    {
      "type": "Feature",
      "properties": {
        "name": null,
        "kind": "lane"
      },
      "geometry": {
        "type": "LineString",
        "coordinates": [
          [
            -117.2384064,
            32.8711873
          ],
          [
            -117.2381982,
            32.8712003
          ],
          [
            -117.2381738,
            32.8712012
          ],
          [
            -117.2380659,
            32.8712028
          ]
        ]
      }
    },
    {
      "type": "Feature",
      "properties": {
        "name": null,
        "kind": "track"
      },
      "geometry": {
        "type": "LineString",
        "coordinates": [
          [
            -117.2351052,
            32.8732304
          ],
          [
            -117.23515,
            32.8732245
          ],
          [
            -117.235556,
            32.8732225
          ],
          [
            -117.2355723,
            32.8732092
          ],
          [
            -117.2355488,
            32.8731414
          ]
        ]
      }
    },
    {
      "type": "Feature",
      "properties": {
        "name": "Biomedical Sciences Way",
        "kind": "lane"
      },
      "geometry": {
        "type": "LineString",
        "coordinates": [
          [
            -117.2381822,
            32.8741775
          ],
          [
            -117.23812,
            32.8742169
          ],
          [
            -117.2380895,
            32.8742368
          ],
          [
            -117.2375902,
            32.874566
          ]
        ]
      }
    },
    {
      "type": "Feature",
      "properties": {
        "name": "Theatre District Drive",
        "kind": "lane"
      },
      "geometry": {
        "type": "LineString",
        "coordinates": [
          [
            -117.2412394,
            32.8725725
          ],
          [
            -117.2402375,
            32.8725031
          ],
          [
            -117.2401771,
            32.872505
          ]
        ]
      }
    },
    {
      "type": "Feature",
      "properties": {
        "name": "Gilman Drive",
        "kind": "shared"
      },
      "geometry": {
        "type": "LineString",
        "coordinates": [
          [
            -117.2385027,
            32.8744594
          ],
          [
            -117.2384314,
            32.8743493
          ],
          [
            -117.2383508,
            32.8742214
          ],
          [
            -117.2383272,
            32.8741852
          ],
          [
            -117.2382805,
            32.8741054
          ]
        ]
      }
    },
    {
      "type": "Feature",
      "properties": {
        "name": "Gilman Drive",
        "kind": "lane"
      },
      "geometry": {
        "type": "LineString",
        "coordinates": [
          [
            -117.2379369,
            32.8728955
          ],
          [
            -117.237917,
            32.872738
          ],
          [
            -117.2379131,
            32.8726842
          ]
        ]
      }
    },
    {
      "type": "Feature",
      "properties": {
        "name": "Scholars Drive South",
        "kind": "shared"
      },
      "geometry": {
        "type": "LineString",
        "coordinates": [
          [
            -117.2434276,
            32.874681
          ],
          [
            -117.243429,
            32.8743563
          ],
          [
            -117.2434302,
            32.8741716
          ],
          [
            -117.2434332,
            32.8733886
          ]
        ]
      }
    },
    {
      "type": "Feature",
      "properties": {
        "name": null,
        "kind": "track"
      },
      "geometry": {
        "type": "LineString",
        "coordinates": [
          [
            -117.2421556,
            32.8714225
          ],
          [
            -117.2421527,
            32.8715048
          ]
        ]
      }
    },
    {
      "type": "Feature",
      "properties": {
        "name": "Ridge Walk",
        "kind": "track"
      },
      "geometry": {
        "type": "LineString",
        "coordinates": [
          [
            -117.2413272,
            32.872527
          ],
          [
            -117.2413339,
            32.8725657
          ],
          [
            -117.2413475,
            32.8726234
          ]
        ]
      }
    },
    {
      "type": "Feature",
      "properties": {
        "name": "Ridge Walk",
        "kind": "track"
      },
      "geometry": {
        "type": "LineString",
        "coordinates": [
          [
            -117.2413231,
            32.8725082
          ],
          [
            -117.2413272,
            32.872527
          ]
        ]
      }
    },
    {
      "type": "Feature",
      "properties": {
        "name": "Theatre District Drive",
        "kind": "lane"
      },
      "geometry": {
        "type": "LineString",
        "coordinates": [
          [
            -117.2385895,
            32.8738831
          ],
          [
            -117.2385109,
            32.8739525
          ],
          [
            -117.2383692,
            32.8740494
          ],
          [
            -117.2383384,
            32.8740668
          ],
          [
            -117.2382805,
            32.8741054
          ]
        ]
      }
    },
    {
      "type": "Feature",
      "properties": {
        "name": "Gilman Drive",
        "kind": "lane"
      },
      "geometry": {
        "type": "LineString",
        "coordinates": [
          [
            -117.2380267,
            32.8738272
          ],
          [
            -117.238122,
            32.874045
          ],
          [
            -117.2381433,
            32.8740902
          ],
          [
            -117.2381822,
            32.8741775
          ]
        ]
      }
    },
    {
      "type": "Feature",
      "properties": {
        "name": "Gilman Drive",
        "kind": "lane"
      },
      "geometry": {
        "type": "LineString",
        "coordinates": [
          [
            -117.2381389,
            32.8692029
          ],
          [
            -117.2381611,
            32.8695628
          ],
          [
            -117.2381657,
            32.8697118
          ]
        ]
      }
    },
    {
      "type": "Feature",
      "properties": {
        "name": "Gilman Drive",
        "kind": "lane"
      },
      "geometry": {
        "type": "LineString",
        "coordinates": [
          [
            -117.237971,
            32.8683526
          ],
          [
            -117.2380517,
            32.8686625
          ]
        ]
      }
    },
    {
      "type": "Feature",
      "properties": {
        "name": "Gilman Drive",
        "kind": "lane"
      },
      "geometry": {
        "type": "LineString",
        "coordinates": [
          [
            -117.2380517,
            32.8686625
          ],
          [
            -117.2381389,
            32.8692029
          ]
        ]
      }
    },
    {
      "type": "Feature",
      "properties": {
        "name": "Gilman Drive",
        "kind": "lane"
      },
      "geometry": {
        "type": "LineString",
        "coordinates": [
          [
            -117.2381657,
            32.8697118
          ],
          [
            -117.238159,
            32.8699515
          ],
          [
            -117.2381423,
            32.8701508
          ]
        ]
      }
    },
    {
      "type": "Feature",
      "properties": {
        "name": "Ridge Walk",
        "kind": "track"
      },
      "geometry": {
        "type": "LineString",
        "coordinates": [
          [
            -117.2413475,
            32.8726234
          ],
          [
            -117.2413427,
            32.872656
          ],
          [
            -117.2413416,
            32.8727361
          ],
          [
            -117.2413541,
            32.873282
          ],
          [
            -117.2413641,
            32.8735715
          ],
          [
            -117.241381,
            32.8736858
          ]
        ]
      }
    },
    {
      "type": "Feature",
      "properties": {
        "name": "Balboa Avenue",
        "kind": "lane"
      },
      "geometry": {
        "type": "LineString",
        "coordinates": [
          [
            -117.2003319,
            32.8116739
          ],
          [
            -117.1998906,
            32.8116691
          ],
          [
            -117.1995759,
            32.8116712
          ],
          [
            -117.199461,
            32.8116783
          ]
        ]
      }
    },
    {
      "type": "Feature",
      "properties": {
        "name": "Balboa Avenue",
        "kind": "lane"
      },
      "geometry": {
        "type": "LineString",
        "coordinates": [
          [
            -117.1978351,
            32.8120411
          ],
          [
            -117.1983785,
            32.8119117
          ],
          [
            -117.1986503,
            32.8118595
          ],
          [
            -117.1989797,
            32.8118278
          ],
          [
            -117.199486,
            32.8118035
          ],
          [
            -117.1996297,
            32.8117945
          ],
          [
            -117.19996,
            32.8117918
          ],
          [
            -117.2000901,
            32.8117933
          ]
        ]
      }
    },
    {
      "type": "Feature",
      "properties": {
        "name": "Balboa Avenue",
        "kind": "lane"
      },
      "geometry": {
        "type": "LineString",
        "coordinates": [
          [
            -117.199461,
            32.8116783
          ],
          [
            -117.1994411,
            32.8116795
          ],
          [
            -117.1991114,
            32.8117
          ],
          [
            -117.1984855,
            32.8117986
          ],
          [
            -117.1978645,
            32.8119383
          ],
          [
            -117.1973951,
            32.8120739
          ],
          [
            -117.1967692,
            32.8123041
          ],
          [
            -117.1960993,
            32.8126411
          ],
          [
            -117.1957499,
            32.8128563
          ],
          [
            -117.1957325,
            32.8128671
          ],
          [
            -117.1951115,
            32.8133479
          ],
          [
            -117.1943291,
            32.814063
          ],
          [
            -117.1938793,
            32.8144575
          ],
          [
            -117.1932094,
            32.8150493
          ],
          [
            -117.1926193,
            32.8154432
          ],
          [
            -117.1924567,
            32.8155333
          ],
          [
            -117.1920983,
            32.8157103
          ],
          [
            -117.191533,
            32.8159028
          ],
          [
            -117.1909898,
            32.8160674
          ],
          [
            -117.1900291,
            32.8163624
          ],
          [
            -117.1899162,
            32.8163921
          ]
        ]
      }
    },
    {
      "type": "Feature",
      "properties": {
        "name": "Balboa Avenue",
        "kind": "lane"
      },
      "geometry": {
        "type": "LineString",
        "coordinates": [
          [
            -117.2009452,
            32.8116836
          ],
          [
            -117.2008585,
            32.811682
          ]
        ]
      }
    },
    {
      "type": "Feature",
      "properties": {
        "name": "Balboa Avenue",
        "kind": "lane"
      },
      "geometry": {
        "type": "LineString",
        "coordinates": [
          [
            -117.210581,
            32.8078383
          ],
          [
            -117.2104703,
            32.8078604
          ],
          [
            -117.2098204,
            32.8080169
          ],
          [
            -117.2094627,
            32.8081004
          ],
          [
            -117.2089064,
            32.8083008
          ],
          [
            -117.2084574,
            32.8084845
          ],
          [
            -117.2080123,
            32.8087383
          ],
          [
            -117.2071579,
            32.8093161
          ],
          [
            -117.2058426,
            32.8101978
          ],
          [
            -117.2044439,
            32.8110995
          ],
          [
            -117.2042452,
            32.8112164
          ],
          [
            -117.2040902,
            32.8112999
          ],
          [
            -117.2038637,
            32.8113934
          ],
          [
            -117.2036015,
            32.8114803
          ],
          [
            -117.2031246,
            32.8116139
          ],
          [
            -117.2028107,
            32.8116773
          ],
          [
            -117.2024014,
            32.8116974
          ],
          [
            -117.2020517,
            32.8117074
          ],
          [
            -117.2019721,
            32.8117056
          ]
        ]
      }
    },
    {
      "type": "Feature",
      "properties": {
        "name": "Clairemont Drive",
        "kind": "lane"
      },
      "geometry": {
        "type": "LineString",
        "coordinates": [
          [
            -117.2009702,
            32.8136262
          ],
          [
            -117.20097,
            32.813876
          ]
        ]
      }
    },
    {
      "type": "Feature",
      "properties": {
        "name": "Clairemont Drive",
        "kind": "lane"
      },
      "geometry": {
        "type": "LineString",
        "coordinates": [
          [
            -117.2009393,
            32.8117989
          ],
          [
            -117.2009367,
            32.81189
          ],
          [
            -117.2009358,
            32.8119949
          ],
          [
            -117.2009358,
            32.8120385
          ],
          [
            -117.2009339,
            32.8122485
          ],
          [
            -117.2009329,
            32.8123545
          ]
        ]
      }
    },
    {
      "type": "Feature",
      "properties": {
        "name": "Clairemont Drive",
        "kind": "shared"
      },
      "geometry": {
        "type": "LineString",
        "coordinates": [
          [
            -117.2009702,
            32.8136262
          ],
          [
            -117.2010612,
            32.8135104
          ],
          [
            -117.2010735,
            32.8131197
          ],
          [
            -117.2010746,
            32.813022
          ]
        ]
      }
    },
    {
      "type": "Feature",
      "properties": {
        "name": "Clairemont Drive",
        "kind": "shared"
      },
      "geometry": {
        "type": "LineString",
        "coordinates": [
          [
            -117.2010746,
            32.813022
          ],
          [
            -117.2010785,
            32.8126873
          ]
        ]
      }
    },
    {
      "type": "Feature",
      "properties": {
        "name": "Clairemont Drive",
        "kind": "shared"
      },
      "geometry": {
        "type": "LineString",
        "coordinates": [
          [
            -117.2010785,
            32.8126873
          ],
          [
            -117.2010827,
            32.812319
          ],
          [
            -117.2010833,
            32.8122618
          ]
        ]
      }
    },
    {
      "type": "Feature",
      "properties": {
        "name": "Clairemont Drive",
        "kind": "shared"
      },
      "geometry": {
        "type": "LineString",
        "coordinates": [
          [
            -117.2010833,
            32.8122285
          ],
          [
            -117.2010833,
            32.8121629
          ],
          [
            -117.2010827,
            32.8119132
          ],
          [
            -117.2010827,
            32.8118926
          ],
          [
            -117.2010874,
            32.8117989
          ]
        ]
      }
    },
    {
      "type": "Feature",
      "properties": {
        "name": "Clairemont Drive",
        "kind": "shared"
      },
      "geometry": {
        "type": "LineString",
        "coordinates": [
          [
            -117.2009262,
            32.8132907
          ],
          [
            -117.2009262,
            32.8133132
          ],
          [
            -117.2009259,
            32.8135125
          ],
          [
            -117.2009702,
            32.8136262
          ]
        ]
      }
    },
    {
      "type": "Feature",
      "properties": {
        "name": "Clairemont Drive",
        "kind": "track"
      },
      "geometry": {
        "type": "LineString",
        "coordinates": [
          [
            -117.2010787,
            32.8116862
          ],
          [
            -117.2010771,
            32.8116175
          ],
          [
            -117.2010764,
            32.8115847
          ],
          [
            -117.2010737,
            32.8114374
          ],
          [
            -117.2010764,
            32.8113139
          ],
          [
            -117.2010902,
            32.8104375
          ],
          [
            -117.2010971,
            32.8098118
          ]
        ]
      }
    },
    {
      "type": "Feature",
      "properties": {
        "name": "Balboa Avenue",
        "kind": "lane"
      },
      "geometry": {
        "type": "LineString",
        "coordinates": [
          [
            -117.2006833,
            32.8118004
          ],
          [
            -117.2007604,
            32.811801
          ],
          [
            -117.2008121,
            32.8118014
          ],
          [
            -117.2008555,
            32.8118017
          ],
          [
            -117.2009393,
            32.8117989
          ]
        ]
      }
    },
    {
      "type": "Feature",
      "properties": {
        "name": "Clairemont Drive",
        "kind": "track"
      },
      "geometry": {
        "type": "LineString",
        "coordinates": [
          [
            -117.2011014,
            32.8093252
          ],
          [
            -117.2010988,
            32.809233
          ],
          [
            -117.2011076,
            32.8077799
          ],
          [
            -117.20111,
            32.807381
          ],
          [
            -117.2011145,
            32.806629
          ],
          [
            -117.2011147,
            32.8066109
          ],
          [
            -117.2011094,
            32.8064907
          ],
          [
            -117.2010908,
            32.8063148
          ],
          [
            -117.201059,
            32.8061434
          ]
        ]
      }
    },
    {
      "type": "Feature",
      "properties": {
        "name": "Clairemont Drive",
        "kind": "lane"
      },
      "geometry": {
        "type": "LineString",
        "coordinates": [
          [
            -117.200984,
            32.8071533
          ],
          [
            -117.2009824,
            32.8073793
          ]
        ]
      }
    },
    {
      "type": "Feature",
      "properties": {
        "name": "Clairemont Drive",
        "kind": "lane"
      },
      "geometry": {
        "type": "LineString",
        "coordinates": [
          [
            -117.2007896,
            32.8057937
          ],
          [
            -117.2008684,
            32.805972
          ],
          [
            -117.2009319,
            32.8061657
          ],
          [
            -117.2009387,
            32.8062026
          ],
          [
            -117.2009637,
            32.8063393
          ],
          [
            -117.2009779,
            32.8064651
          ],
          [
            -117.2009822,
            32.8065196
          ],
          [
            -117.2009875,
            32.8066376
          ],
          [
            -117.200984,
            32.8071533
          ]
        ]
      }
    },
    {
      "type": "Feature",
      "properties": {
        "name": "Balboa Avenue",
        "kind": "lane"
      },
      "geometry": {
        "type": "LineString",
        "coordinates": [
          [
            -117.2000901,
            32.8117933
          ],
          [
            -117.2004693,
            32.8117978
          ],
          [
            -117.2006833,
            32.8118004
          ]
        ]
      }
    },
    {
      "type": "Feature",
      "properties": {
        "name": "Clairemont Drive",
        "kind": "shared"
      },
      "geometry": {
        "type": "LineString",
        "coordinates": [
          [
            -117.2010833,
            32.8122618
          ],
          [
            -117.2010833,
            32.8122285
          ]
        ]
      }
    },
    {
      "type": "Feature",
      "properties": {
        "name": "Clairemont Drive",
        "kind": "shared"
      },
      "geometry": {
        "type": "LineString",
        "coordinates": [
          [
            -117.200926,
            32.813215
          ],
          [
            -117.2009262,
            32.8132907
          ]
        ]
      }
    },
    {
      "type": "Feature",
      "properties": {
        "name": "Clairemont Drive",
        "kind": "lane"
      },
      "geometry": {
        "type": "LineString",
        "coordinates": [
          [
            -117.2009299,
            32.8126811
          ],
          [
            -117.2009259,
            32.8131197
          ],
          [
            -117.200926,
            32.813215
          ]
        ]
      }
    },
    {
      "type": "Feature",
      "properties": {
        "name": "Clairemont Drive",
        "kind": "lane"
      },
      "geometry": {
        "type": "LineString",
        "coordinates": [
          [
            -117.2009329,
            32.8123545
          ],
          [
            -117.2009299,
            32.8126811
          ]
        ]
      }
    },
    {
      "type": "Feature",
      "properties": {
        "name": "Clairemont Drive",
        "kind": "lane"
      },
      "geometry": {
        "type": "LineString",
        "coordinates": [
          [
            -117.2009697,
            32.8143326
          ],
          [
            -117.2009694,
            32.8146718
          ]
        ]
      }
    },
    {
      "type": "Feature",
      "properties": {
        "name": "Clairemont Drive",
        "kind": "lane"
      },
      "geometry": {
        "type": "LineString",
        "coordinates": [
          [
            -117.20097,
            32.813876
          ],
          [
            -117.2009697,
            32.8143326
          ]
        ]
      }
    },
    {
      "type": "Feature",
      "properties": {
        "name": "Balboa Avenue",
        "kind": "lane"
      },
      "geometry": {
        "type": "LineString",
        "coordinates": [
          [
            -117.2008585,
            32.811682
          ],
          [
            -117.2003319,
            32.8116739
          ]
        ]
      }
    },
    {
      "type": "Feature",
      "properties": {
        "name": "Gilman Drive",
        "kind": "lane"
      },
      "geometry": {
        "type": "LineString",
        "coordinates": [
          [
            -117.2372022,
            32.8573866
          ],
          [
            -117.237194,
            32.8577653
          ]
        ]
      }
    },
    {
      "type": "Feature",
      "properties": {
        "name": "Gilman Drive",
        "kind": "lane"
      },
      "geometry": {
        "type": "LineString",
        "coordinates": [
          [
            -117.2361407,
            32.8631768
          ],
          [
            -117.236132,
            32.8632761
          ],
          [
            -117.2361481,
            32.8636084
          ]
        ]
      }
    },
    {
      "type": "Feature",
      "properties": {
        "name": "Gilman Drive",
        "kind": "lane"
      },
      "geometry": {
        "type": "LineString",
        "coordinates": [
          [
            -117.237194,
            32.8577653
          ],
          [
            -117.2372063,
            32.8588984
          ],
          [
            -117.2372063,
            32.8596521
          ],
          [
            -117.237166,
            32.8600204
          ],
          [
            -117.237111,
            32.8603133
          ],
          [
            -117.237053,
            32.860516
          ],
          [
            -117.2369367,
            32.8608529
          ],
          [
            -117.236765,
            32.8612179
          ],
          [
            -117.2366041,
            32.8615198
          ]
        ]
      }
    },
    {
      "type": "Feature",
      "properties": {
        "name": "Gilman Drive",
        "kind": "lane"
      },
      "geometry": {
        "type": "LineString",
        "coordinates": [
          [
            -117.2362403,
            32.8641911
          ],
          [
            -117.2362357,
            32.8643294
          ],
          [
            -117.236348,
            32.8646421
          ],
          [
            -117.236564,
            32.8651588
          ]
        ]
      }
    },
    {
      "type": "Feature",
      "properties": {
        "name": "Gilman Drive",
        "kind": "lane"
      },
      "geometry": {
        "type": "LineString",
        "coordinates": [
          [
            -117.2366041,
            32.8615198
          ],
          [
            -117.2364177,
            32.8619198
          ],
          [
            -117.2363396,
            32.8621138
          ],
          [
            -117.2362876,
            32.8622431
          ]
        ]
      }
    },
    {
      "type": "Feature",
      "properties": {
        "name": "Gilman Drive",
        "kind": "lane"
      },
      "geometry": {
        "type": "LineString",
        "coordinates": [
          [
            -117.2365516,
            32.8648575
          ],
          [
            -117.2363529,
            32.8643516
          ],
          [
            -117.2363383,
            32.8643126
          ],
          [
            -117.2362403,
            32.8641911
          ]
        ]
      }
    },
    {
      "type": "Feature",
      "properties": {
        "name": null,
        "kind": "track"
      },
      "geometry": {
        "type": "LineString",
        "coordinates": [
          [
            -117.2400695,
            32.859177
          ],
          [
            -117.2400363,
            32.8625239
          ],
          [
            -117.2400299,
            32.8629117
          ]
        ]
      }
    },
    {
      "type": "Feature",
      "properties": {
        "name": "Gilman Drive",
        "kind": "lane"
      },
      "geometry": {
        "type": "LineString",
        "coordinates": [
          [
            -117.2366806,
            32.8651453
          ],
          [
            -117.2365516,
            32.8648575
          ]
        ]
      }
    },
    {
      "type": "Feature",
      "properties": {
        "name": "Gilman Drive",
        "kind": "lane"
      },
      "geometry": {
        "type": "LineString",
        "coordinates": [
          [
            -117.2371815,
            32.854645
          ],
          [
            -117.2372009,
            32.8550354
          ],
          [
            -117.2372031,
            32.8551028
          ]
        ]
      }
    },
    {
      "type": "Feature",
      "properties": {
        "name": "Gilman Drive",
        "kind": "lane"
      },
      "geometry": {
        "type": "LineString",
        "coordinates": [
          [
            -117.2366337,
            32.8515535
          ],
          [
            -117.236687,
            32.85178
          ],
          [
            -117.2367825,
            32.852282
          ],
          [
            -117.2369286,
            32.8530943
          ],
          [
            -117.2370037,
            32.8535066
          ],
          [
            -117.2371177,
            32.8541364
          ],
          [
            -117.2371727,
            32.8545454
          ],
          [
            -117.2371815,
            32.854645
          ]
        ]
      }
    },
    {
      "type": "Feature",
      "properties": {
        "name": "Gilman Drive",
        "kind": "lane"
      },
      "geometry": {
        "type": "LineString",
        "coordinates": [
          [
            -117.2362876,
            32.8622431
          ],
          [
            -117.2362578,
            32.862357
          ],
          [
            -117.236249,
            32.8623934
          ],
          [
            -117.2362326,
            32.8624616
          ],
          [
            -117.2362071,
            32.8625776
          ],
          [
            -117.2361803,
            32.8627229
          ],
          [
            -117.2361684,
            32.8628588
          ]
        ]
      }
    },
    {
      "type": "Feature",
      "properties": {
        "name": "Gilman Drive",
        "kind": "lane"
      },
      "geometry": {
        "type": "LineString",
        "coordinates": [
          [
            -117.2361481,
            32.8636084
          ],
          [
            -117.236187,
            32.8638979
          ],
          [
            -117.2362112,
            32.8640312
          ],
          [
            -117.2362403,
            32.8641911
          ]
        ]
      }
    },
    {
      "type": "Feature",
      "properties": {
        "name": null,
        "kind": "track"
      },
      "geometry": {
        "type": "LineString",
        "coordinates": [
          [
            -117.2400271,
            32.8630501
          ],
          [
            -117.2400255,
            32.8631845
          ],
          [
            -117.2401075,
            32.8642066
          ]
        ]
      }
    },
    {
      "type": "Feature",
      "properties": {
        "name": null,
        "kind": "track"
      },
      "geometry": {
        "type": "LineString",
        "coordinates": [
          [
            -117.2400299,
            32.8629117
          ],
          [
            -117.2400291,
            32.8629635
          ],
          [
            -117.2400271,
            32.8630501
          ]
        ]
      }
    },
    {
      "type": "Feature",
      "properties": {
        "name": null,
        "kind": "track"
      },
      "geometry": {
        "type": "LineString",
        "coordinates": [
          [
            -117.2400695,
            32.8570414
          ],
          [
            -117.2400704,
            32.8590231
          ]
        ]
      }
    },
    {
      "type": "Feature",
      "properties": {
        "name": null,
        "kind": "track"
      },
      "geometry": {
        "type": "LineString",
        "coordinates": [
          [
            -117.2400704,
            32.8590231
          ],
          [
            -117.2400704,
            32.8590837
          ],
          [
            -117.2400697,
            32.8591541
          ],
          [
            -117.2400695,
            32.859177
          ]
        ]
      }
    },
    {
      "type": "Feature",
      "properties": {
        "name": null,
        "kind": "track"
      },
      "geometry": {
        "type": "LineString",
        "coordinates": [
          [
            -117.240067,
            32.855412
          ],
          [
            -117.2400732,
            32.8561919
          ],
          [
            -117.2400698,
            32.8569252
          ]
        ]
      }
    },
    {
      "type": "Feature",
      "properties": {
        "name": null,
        "kind": "track"
      },
      "geometry": {
        "type": "LineString",
        "coordinates": [
          [
            -117.2400698,
            32.8569252
          ],
          [
            -117.2400695,
            32.8569786
          ],
          [
            -117.2400695,
            32.8570414
          ]
        ]
      }
    },
    {
      "type": "Feature",
      "properties": {
        "name": "Gilman Drive",
        "kind": "lane"
      },
      "geometry": {
        "type": "LineString",
        "coordinates": [
          [
            -117.2361684,
            32.8628588
          ],
          [
            -117.2361407,
            32.8631768
          ]
        ]
      }
    },
    {
      "type": "Feature",
      "properties": {
        "name": "Gilman Drive",
        "kind": "lane"
      },
      "geometry": {
        "type": "LineString",
        "coordinates": [
          [
            -117.2372143,
            32.8563986
          ],
          [
            -117.2372022,
            32.8570193
          ],
          [
            -117.2372022,
            32.8573866
          ]
        ]
      }
    },
    {
      "type": "Feature",
      "properties": {
        "name": "Gilman Drive",
        "kind": "lane"
      },
      "geometry": {
        "type": "LineString",
        "coordinates": [
          [
            -117.2372136,
            32.8559931
          ],
          [
            -117.2372143,
            32.8563986
          ]
        ]
      }
    },
    {
      "type": "Feature",
      "properties": {
        "name": "Gilman Drive",
        "kind": "lane"
      },
      "geometry": {
        "type": "LineString",
        "coordinates": [
          [
            -117.2372125,
            32.8553694
          ],
          [
            -117.2372136,
            32.8559931
          ]
        ]
      }
    },
    {
      "type": "Feature",
      "properties": {
        "name": "Gilman Drive",
        "kind": "lane"
      },
      "geometry": {
        "type": "LineString",
        "coordinates": [
          [
            -117.2372031,
            32.8551028
          ],
          [
            -117.2372089,
            32.8552765
          ],
          [
            -117.2372125,
            32.8553694
          ]
        ]
      }
    },
    {
      "type": "Feature",
      "properties": {
        "name": "Nobel Drive",
        "kind": "lane"
      },
      "geometry": {
        "type": "LineString",
        "coordinates": [
          [
            -117.2332901,
            32.867516
          ],
          [
            -117.2332086,
            32.8675248
          ],
          [
            -117.2324983,
            32.8676514
          ],
          [
            -117.2320291,
            32.8677414
          ]
        ]
      }
    },
    {
      "type": "Feature",
      "properties": {
        "name": "Nobel Drive",
        "kind": "lane"
      },
      "geometry": {
        "type": "LineString",
        "coordinates": [
          [
            -117.2323115,
            32.867815
          ],
          [
            -117.233206,
            32.8676485
          ],
          [
            -117.2332391,
            32.8676432
          ],
          [
            -117.2333167,
            32.867631
          ]
        ]
      }
    },
    {
      "type": "Feature",
      "properties": {
        "name": "Gilman Drive",
        "kind": "lane"
      },
      "geometry": {
        "type": "LineString",
        "coordinates": [
          [
            -117.2372438,
            32.8665653
          ],
          [
            -117.2372572,
            32.8664617
          ],
          [
            -117.2370091,
            32.8658748
          ],
          [
            -117.2366806,
            32.8651453
          ]
        ]
      }
    },
    {
      "type": "Feature",
      "properties": {
        "name": "Gilman Drive",
        "kind": "lane"
      },
      "geometry": {
        "type": "LineString",
        "coordinates": [
          [
            -117.236564,
            32.8651588
          ],
          [
            -117.2370057,
            32.8661732
          ],
          [
            -117.237158,
            32.8664921
          ],
          [
            -117.2372438,
            32.8665653
          ]
        ]
      }
    },
    {
      "type": "Feature",
      "properties": {
        "name": "Rose Creek Bikeway",
        "kind": "track"
      },
      "geometry": {
        "type": "LineString",
        "coordinates": [
          [
            -117.2190806,
            32.8080397
          ],
          [
            -117.2190108,
            32.8081135
          ],
          [
            -117.2189679,
            32.8082099
          ],
          [
            -117.2189545,
            32.8083356
          ],
          [
            -117.2189659,
            32.8084506
          ],
          [
            -117.2190008,
            32.8088209
          ],
          [
            -117.2190383,
            32.8090981
          ],
          [
            -117.2191134,
            32.8097057
          ],
          [
            -117.219102,
            32.8097677
          ],
          [
            -117.2190839,
            32.8098173
          ],
          [
            -117.2190685,
            32.8098776
          ],
          [
            -117.2190772,
            32.8100151
          ],
          [
            -117.2191275,
            32.8102067
          ],
          [
            -117.2192006,
            32.8103876
          ],
          [
            -117.2192167,
            32.8104507
          ],
          [
            -117.2192153,
            32.8105172
          ],
          [
            -117.2192556,
            32.8113547
          ],
          [
            -117.2192515,
            32.8115226
          ],
          [
            -117.2192247,
            32.8120828
          ],
          [
            -117.2192167,
            32.8121674
          ],
          [
            -117.2191952,
            32.8122575
          ],
          [
            -117.2191966,
            32.812324
          ],
          [
            -117.2192147,
            32.8123917
          ],
          [
            -117.219265,
            32.8125134
          ],
          [
            -117.2192844,
            32.8125602
          ],
          [
            -117.2193159,
            32.8126182
          ],
          [
            -117.2193984,
            32.8129045
          ],
          [
            -117.2194507,
            32.813055
          ],
          [
            -117.2196686,
            32.8135165
          ],
          [
            -117.2197652,
            32.8137003
          ],
          [
            -117.2198886,
            32.8138941
          ],
          [
            -117.2200448,
            32.814066
          ],
          [
            -117.2204398,
            32.8144627
          ],
          [
            -117.22082,
            32.8147998
          ],
          [
            -117.2212895,
            32.8152459
          ],
          [
            -117.2215354,
            32.8155149
          ],
          [
            -117.2216501,
            32.8157048
          ],
          [
            -117.2217641,
            32.8158671
          ],
          [
            -117.2218741,
            32.8159979
          ],
          [
            -117.2220431,
            32.8161906
          ],
          [
            -117.2222476,
            32.8164245
          ],
          [
            -117.2223133,
            32.8165287
          ],
          [
            -117.2223435,
            32.8165845
          ],
          [
            -117.2223837,
            32.8166234
          ],
          [
            -117.2224387,
            32.8166566
          ],
          [
            -117.2224732,
            32.8166769
          ]
        ]
      }
    },
    {
      "type": "Feature",
      "properties": {
        "name": "Rose Creek Bikeway",
        "kind": "track"
      },
      "geometry": {
        "type": "LineString",
        "coordinates": [
          [
            -117.2232172,
            32.8170139
          ],
          [
            -117.2234398,
            32.8171165
          ],
          [
            -117.2235625,
            32.817188
          ],
          [
            -117.2237328,
            32.8173312
          ],
          [
            -117.2238716,
            32.817458
          ],
          [
            -117.2240809,
            32.8176552
          ],
          [
            -117.2246019,
            32.8181607
          ],
          [
            -117.2250686,
            32.8186008
          ],
          [
            -117.2261046,
            32.8195971
          ],
          [
            -117.2266263,
            32.8201358
          ],
          [
            -117.2278762,
            32.8213575
          ],
          [
            -117.2284918,
            32.8219177
          ],
          [
            -117.2290269,
            32.8224305
          ],
          [
            -117.2294529,
            32.8228544
          ],
          [
            -117.2299355,
            32.8233095
          ],
          [
            -117.2305074,
            32.8238792
          ],
          [
            -117.2308528,
            32.8242804
          ],
          [
            -117.2311974,
            32.8247515
          ],
          [
            -117.2314174,
            32.8250986
          ],
          [
            -117.2316849,
            32.8255725
          ],
          [
            -117.2319263,
            32.8260976
          ],
          [
            -117.2320557,
            32.8264278
          ],
          [
            -117.2321449,
            32.8267287
          ],
          [
            -117.2322415,
            32.8270753
          ],
          [
            -117.2323139,
            32.8274252
          ],
          [
            -117.232381,
            32.8278596
          ],
          [
            -117.2324306,
            32.8283189
          ],
          [
            -117.23244,
            32.8286975
          ],
          [
            -117.2324393,
            32.8290833
          ],
          [
            -117.232444,
            32.8297252
          ],
          [
            -117.2324359,
            32.8299856
          ],
          [
            -117.2324105,
            32.8301794
          ],
          [
            -117.2323729,
            32.8303496
          ],
          [
            -117.2322509,
            32.8307023
          ],
          [
            -117.232094,
            32.8311294
          ],
          [
            -117.2320081,
            32.8314167
          ],
          [
            -117.2319411,
            32.8317537
          ],
          [
            -117.231921,
            32.8319926
          ],
          [
            -117.2319089,
            32.832285
          ],
          [
            -117.2319156,
            32.832476
          ],
          [
            -117.2319317,
            32.8326484
          ],
          [
            -117.2319491,
            32.8327972
          ],
          [
            -117.2320148,
            32.8331352
          ],
          [
            -117.2322549,
            32.8339612
          ],
          [
            -117.2322522,
            32.8340378
          ],
          [
            -117.2322349,
            32.8340953
          ]
        ]
      }
    },
    {
      "type": "Feature",
      "properties": {
        "name": "Rose Creek Bikeway",
        "kind": "track"
      },
      "geometry": {
        "type": "LineString",
        "coordinates": [
          [
            -117.2224732,
            32.8166769
          ],
          [
            -117.2232172,
            32.8170139
          ]
        ]
      }
    },
    {
      "type": "Feature",
      "properties": {
        "name": null,
        "kind": "track"
      },
      "geometry": {
        "type": "LineString",
        "coordinates": [
          [
            -117.2234398,
            32.8171165
          ],
          [
            -117.223358,
            32.817215
          ]
        ]
      }
    },
    {
      "type": "Feature",
      "properties": {
        "name": null,
        "kind": "lane"
      },
      "geometry": {
        "type": "LineString",
        "coordinates": [
          [
            -117.2132574,
            32.8062407
          ],
          [
            -117.2130327,
            32.8062332
          ],
          [
            -117.2129571,
            32.8062421
          ],
          [
            -117.2128398,
            32.8062784
          ],
          [
            -117.2127453,
            32.8063292
          ],
          [
            -117.2126684,
            32.8063924
          ],
          [
            -117.2125898,
            32.8064831
          ],
          [
            -117.2125533,
            32.8065472
          ],
          [
            -117.2125329,
            32.8066249
          ],
          [
            -117.2125176,
            32.8067172
          ],
          [
            -117.2125202,
            32.8068148
          ],
          [
            -117.2125376,
            32.8068978
          ],
          [
            -117.2125981,
            32.8071689
          ]
        ]
      }
    },
    {
      "type": "Feature",
      "properties": {
        "name": null,
        "kind": "lane"
      },
      "geometry": {
        "type": "LineString",
        "coordinates": [
          [
            -117.2126998,
            32.8071699
          ],
          [
            -117.2126264,
            32.8068717
          ],
          [
            -117.2126129,
            32.8068042
          ],
          [
            -117.2126076,
            32.8067508
          ],
          [
            -117.2126096,
            32.8067056
          ],
          [
            -117.2126172,
            32.8066626
          ],
          [
            -117.2126316,
            32.8066145
          ],
          [
            -117.2126637,
            32.8065553
          ],
          [
            -117.2126941,
            32.8065092
          ],
          [
            -117.2127195,
            32.806479
          ],
          [
            -117.2127496,
            32.8064488
          ],
          [
            -117.2127753,
            32.8064268
          ],
          [
            -117.2128081,
            32.8064042
          ],
          [
            -117.21292,
            32.8063542
          ],
          [
            -117.2130329,
            32.8063339
          ],
          [
            -117.2132574,
            32.8062407
          ]
        ]
      }
    },
    {
      "type": "Feature",
      "properties": {
        "name": "Damon Avenue",
        "kind": "lane"
      },
      "geometry": {
        "type": "LineString",
        "coordinates": [
          [
            -117.2181529,
            32.8090349
          ],
          [
            -117.2177958,
            32.8095925
          ],
          [
            -117.2177169,
            32.8096855
          ],
          [
            -117.217671,
            32.8097222
          ],
          [
            -117.2175813,
            32.8097729
          ],
          [
            -117.2174797,
            32.8098027
          ],
          [
            -117.2174051,
            32.8098277
          ],
          [
            -117.217327,
            32.8098451
          ],
          [
            -117.216852,
            32.8099555
          ]
        ]
      }
    },
    {
      "type": "Feature",
      "properties": {
        "name": "Morena Boulevard",
        "kind": "lane"
      },
      "geometry": {
        "type": "LineString",
        "coordinates": [
          [
            -117.2129479,
            32.8042759
          ],
          [
            -117.2131242,
            32.8046167
          ],
          [
            -117.2132132,
            32.8049484
          ],
          [
            -117.2132385,
            32.8050596
          ]
        ]
      }
    },
    {
      "type": "Feature",
      "properties": {
        "name": "Rose Creek Bike Trail",
        "kind": "track"
      },
      "geometry": {
        "type": "LineString",
        "coordinates": [
          [
            -117.2197042,
            32.8075392
          ],
          [
            -117.2196579,
            32.8075691
          ],
          [
            -117.2195841,
            32.807626
          ],
          [
            -117.2195444,
            32.8076477
          ],
          [
            -117.2195252,
            32.8076341
          ],
          [
            -117.2195252,
            32.8075998
          ],
          [
            -117.2195252,
            32.8075771
          ],
          [
            -117.2194886,
            32.8075539
          ]
        ]
      }
    },
    {
      "type": "Feature",
      "properties": {
        "name": "Rose Creek Bike Trail",
        "kind": "track"
      },
      "geometry": {
        "type": "LineString",
        "coordinates": [
          [
            -117.2220638,
            32.8058005
          ],
          [
            -117.2218868,
            32.8060654
          ],
          [
            -117.2217259,
            32.8062497
          ],
          [
            -117.2215557,
            32.8064075
          ],
          [
            -117.2213966,
            32.8064926
          ],
          [
            -117.2208691,
            32.8067538
          ],
          [
            -117.2206403,
            32.8068641
          ],
          [
            -117.2204639,
            32.8069737
          ],
          [
            -117.2201742,
            32.8071599
          ],
          [
            -117.2200991,
            32.8072276
          ],
          [
            -117.2200381,
            32.8073189
          ],
          [
            -117.219971,
            32.8073859
          ],
          [
            -117.2198349,
            32.8074615
          ],
          [
            -117.2197042,
            32.8075392
          ]
        ]
      }
    },
    {
      "type": "Feature",
      "properties": {
        "name": "Rose Creek Bikeway",
        "kind": "track"
      },
      "geometry": {
        "type": "LineString",
        "coordinates": [
          [
            -117.2197042,
            32.8075392
          ],
          [
            -117.2197075,
            32.807568
          ],
          [
            -117.2196995,
            32.8075956
          ],
          [
            -117.219668,
            32.8076221
          ],
          [
            -117.2196265,
            32.8076572
          ],
          [
            -117.2192851,
            32.8078813
          ],
          [
            -117.2191684,
            32.8079648
          ],
          [
            -117.2190806,
            32.8080397
          ]
        ]
      }
    },
    {
      "type": "Feature",
      "properties": {
        "name": "Balboa Avenue",
        "kind": "lane"
      },
      "geometry": {
        "type": "LineString",
        "coordinates": [
          [
            -117.1899162,
            32.8163921
          ],
          [
            -117.1896042,
            32.8164742
          ],
          [
            -117.1890314,
            32.8166667
          ],
          [
            -117.1889673,
            32.8166885
          ]
        ]
      }
    },
    {
      "type": "Feature",
      "properties": {
        "name": "Muir Lane",
        "kind": "shared"
      },
      "geometry": {
        "type": "LineString",
        "coordinates": [
          [
            -117.2423951,
            32.8796706
          ],
          [
            -117.242211,
            32.8796728
          ],
          [
            -117.2419254,
            32.8796745
          ],
          [
            -117.2415104,
            32.8796781
          ]
        ]
      }
    },
    {
      "type": "Feature",
      "properties": {
        "name": "North Torrey Pines Road",
        "kind": "lane"
      },
      "geometry": {
        "type": "LineString",
        "coordinates": [
          [
            -117.2434091,
            32.888558
          ],
          [
            -117.2435083,
            32.88833
          ],
          [
            -117.2436314,
            32.8880296
          ],
          [
            -117.2436576,
            32.8879482
          ]
        ]
      }
    },
    {
      "type": "Feature",
      "properties": {
        "name": "North Torrey Pines Road",
        "kind": "lane"
      },
      "geometry": {
        "type": "LineString",
        "coordinates": [
          [
            -117.2439792,
            32.8816956
          ],
          [
            -117.2439779,
            32.881349
          ]
        ]
      }
    },
    {
      "type": "Feature",
      "properties": {
        "name": "North Torrey Pines Road",
        "kind": "lane"
      },
      "geometry": {
        "type": "LineString",
        "coordinates": [
          [
            -117.243792,
            32.8809841
          ],
          [
            -117.243792,
            32.8810734
          ]
        ]
      }
    },
    {
      "type": "Feature",
      "properties": {
        "name": "North Torrey Pines Road",
        "kind": "lane"
      },
      "geometry": {
        "type": "LineString",
        "coordinates": [
          [
            -117.2439577,
            32.884625
          ],
          [
            -117.2439722,
            32.8840839
          ]
        ]
      }
    },
    {
      "type": "Feature",
      "properties": {
        "name": "North Torrey Pines Road",
        "kind": "lane"
      },
      "geometry": {
        "type": "LineString",
        "coordinates": [
          [
            -117.2437877,
            32.883919
          ],
          [
            -117.2437769,
            32.8857338
          ]
        ]
      }
    },
    {
      "type": "Feature",
      "properties": {
        "name": "North Torrey Pines Road",
        "kind": "lane"
      },
      "geometry": {
        "type": "LineString",
        "coordinates": [
          [
            -117.243975,
            32.8838177
          ],
          [
            -117.2439744,
            32.8837016
          ],
          [
            -117.2439792,
            32.8816956
          ]
        ]
      }
    },
    {
      "type": "Feature",
      "properties": {
        "name": "North Torrey Pines Road",
        "kind": "lane"
      },
      "geometry": {
        "type": "LineString",
        "coordinates": [
          [
            -117.2437941,
            32.880703
          ],
          [
            -117.2437921,
            32.8808875
          ],
          [
            -117.243792,
            32.8809841
          ]
        ]
      }
    },
    {
      "type": "Feature",
      "properties": {
        "name": "North Torrey Pines Road",
        "kind": "lane"
      },
      "geometry": {
        "type": "LineString",
        "coordinates": [
          [
            -117.2439135,
            32.8865514
          ],
          [
            -117.24392,
            32.8862064
          ],
          [
            -117.2439201,
            32.8861828
          ],
          [
            -117.243922,
            32.8861098
          ]
        ]
      }
    },
    {
      "type": "Feature",
      "properties": {
        "name": "North Torrey Pines Road",
        "kind": "lane"
      },
      "geometry": {
        "type": "LineString",
        "coordinates": [
          [
            -117.243777,
            32.8829657
          ],
          [
            -117.2437913,
            32.8833649
          ],
          [
            -117.2437897,
            32.8835392
          ]
        ]
      }
    },
    {
      "type": "Feature",
      "properties": {
        "name": "North Torrey Pines Road",
        "kind": "lane"
      },
      "geometry": {
        "type": "LineString",
        "coordinates": [
          [
            -117.243922,
            32.8861098
          ],
          [
            -117.243925,
            32.8860195
          ],
          [
            -117.2439253,
            32.8860104
          ],
          [
            -117.2439577,
            32.884625
          ]
        ]
      }
    },
    {
      "type": "Feature",
      "properties": {
        "name": "North Torrey Pines Road",
        "kind": "lane"
      },
      "geometry": {
        "type": "LineString",
        "coordinates": [
          [
            -117.2437769,
            32.8857338
          ],
          [
            -117.2437746,
            32.8859549
          ],
          [
            -117.2437731,
            32.8860061
          ],
          [
            -117.2437764,
            32.8861069
          ]
        ]
      }
    },
    {
      "type": "Feature",
      "properties": {
        "name": "North Torrey Pines Road",
        "kind": "lane"
      },
      "geometry": {
        "type": "LineString",
        "coordinates": [
          [
            -117.2437312,
            32.8870881
          ],
          [
            -117.2437088,
            32.887241
          ],
          [
            -117.2436781,
            32.8874142
          ],
          [
            -117.24364,
            32.887568
          ],
          [
            -117.2436325,
            32.8876011
          ],
          [
            -117.2436045,
            32.8876894
          ]
        ]
      }
    },
    {
      "type": "Feature",
      "properties": {
        "name": "North Torrey Pines Road",
        "kind": "lane"
      },
      "geometry": {
        "type": "LineString",
        "coordinates": [
          [
            -117.2437764,
            32.8861069
          ],
          [
            -117.243776,
            32.8861764
          ],
          [
            -117.2437765,
            32.8861841
          ],
          [
            -117.2437735,
            32.8863009
          ],
          [
            -117.243762,
            32.8866863
          ],
          [
            -117.2437312,
            32.8870881
          ]
        ]
      }
    },
    {
      "type": "Feature",
      "properties": {
        "name": "North Torrey Pines Road",
        "kind": "lane"
      },
      "geometry": {
        "type": "LineString",
        "coordinates": [
          [
            -117.2437313,
            32.8877187
          ],
          [
            -117.2437544,
            32.8876378
          ],
          [
            -117.24381,
            32.8874143
          ],
          [
            -117.2438686,
            32.8870996
          ],
          [
            -117.2438996,
            32.8868252
          ],
          [
            -117.2439135,
            32.8865514
          ]
        ]
      }
    },
    {
      "type": "Feature",
      "properties": {
        "name": "North Torrey Pines Road",
        "kind": "lane"
      },
      "geometry": {
        "type": "LineString",
        "coordinates": [
          [
            -117.2439785,
            32.8810801
          ],
          [
            -117.2439803,
            32.880986
          ]
        ]
      }
    },
    {
      "type": "Feature",
      "properties": {
        "name": "Scholars Drive North",
        "kind": "lane"
      },
      "geometry": {
        "type": "LineString",
        "coordinates": [
          [
            -117.2423712,
            32.8817915
          ],
          [
            -117.2423701,
            32.8820343
          ],
          [
            -117.2423791,
            32.8827518
          ],
          [
            -117.242385,
            32.8831836
          ],
          [
            -117.2423885,
            32.883397
          ],
          [
            -117.2423938,
            32.883672
          ],
          [
            -117.2423903,
            32.8836969
          ],
          [
            -117.2423989,
            32.8837882
          ],
          [
            -117.2424019,
            32.8839243
          ],
          [
            -117.2424012,
            32.8839499
          ],
          [
            -117.242402,
            32.884425
          ],
          [
            -117.2424016,
            32.8844899
          ],
          [
            -117.2424031,
            32.8845896
          ]
        ]
      }
    },
    {
      "type": "Feature",
      "properties": {
        "name": "Pangea Drive",
        "kind": "lane"
      },
      "geometry": {
        "type": "LineString",
        "coordinates": [
          [
            -117.2427115,
            32.8838228
          ],
          [
            -117.2425184,
            32.8838246
          ],
          [
            -117.2424779,
            32.8838067
          ],
          [
            -117.2423989,
            32.8837882
          ]
        ]
      }
    },
    {
      "type": "Feature",
      "properties": {
        "name": "Scholars Drive North",
        "kind": "shared"
      },
      "geometry": {
        "type": "LineString",
        "coordinates": [
          [
            -117.2424003,
            32.8810762
          ],
          [
            -117.2424017,
            32.8811361
          ],
          [
            -117.2424028,
            32.8811647
          ],
          [
            -117.2424066,
            32.8814368
          ],
          [
            -117.2424006,
            32.8815022
          ],
          [
            -117.2423744,
            32.8816313
          ]
        ]
      }
    },
    {
      "type": "Feature",
      "properties": {
        "name": "Muir Lane",
        "kind": "shared"
      },
      "geometry": {
        "type": "LineString",
        "coordinates": [
          [
            -117.2435438,
            32.8796427
          ],
          [
            -117.2435025,
            32.8796574
          ],
          [
            -117.2434575,
            32.8796618
          ],
          [
            -117.2433383,
            32.8796633
          ],
          [
            -117.2428437,
            32.8796657
          ],
          [
            -117.2423951,
            32.8796706
          ]
        ]
      }
    },
    {
      "type": "Feature",
      "properties": {
        "name": "Exploration Drive",
        "kind": "lane"
      },
      "geometry": {
        "type": "LineString",
        "coordinates": [
          [
            -117.2424003,
            32.8810762
          ],
          [
            -117.2425369,
            32.8810762
          ],
          [
            -117.2436419,
            32.8810737
          ],
          [
            -117.2437058,
            32.8810735
          ],
          [
            -117.243792,
            32.8810734
          ]
        ]
      }
    },
    {
      "type": "Feature",
      "properties": {
        "name": "Exploration Drive",
        "kind": "lane"
      },
      "geometry": {
        "type": "LineString",
        "coordinates": [
          [
            -117.243792,
            32.8809841
          ],
          [
            -117.2437042,
            32.8809842
          ],
          [
            -117.2427895,
            32.8809848
          ]
        ]
      }
    },
    {
      "type": "Feature",
      "properties": {
        "name": null,
        "kind": "track"
      },
      "geometry": {
        "type": "LineString",
        "coordinates": [
          [
            -117.2406124,
            32.8798014
          ],
          [
            -117.240609,
            32.8801661
          ],
          [
            -117.24061,
            32.8802163
          ],
          [
            -117.2406156,
            32.8803402
          ],
          [
            -117.2406292,
            32.8808367
          ],
          [
            -117.2406333,
            32.8809911
          ],
          [
            -117.240701,
            32.8810689
          ]
        ]
      }
    },
    {
      "type": "Feature",
      "properties": {
        "name": null,
        "kind": "track"
      },
      "geometry": {
        "type": "LineString",
        "coordinates": [
          [
            -117.2405106,
            32.8790832
          ],
          [
            -117.2405113,
            32.8790723
          ],
          [
            -117.2405099,
            32.8789648
          ],
          [
            -117.2405193,
            32.878905
          ],
          [
            -117.2405436,
            32.8788435
          ],
          [
            -117.2405729,
            32.8787887
          ],
          [
            -117.2406012,
            32.8787537
          ],
          [
            -117.2406625,
            32.8786981
          ],
          [
            -117.2406953,
            32.8786559
          ],
          [
            -117.2407131,
            32.878619
          ],
          [
            -117.2407188,
            32.8785722
          ],
          [
            -117.2407186,
            32.8783627
          ],
          [
            -117.2407265,
            32.8782807
          ]
        ]
      }
    },
    {
      "type": "Feature",
      "properties": {
        "name": "Scholars Drive South",
        "kind": "shared"
      },
      "geometry": {
        "type": "LineString",
        "coordinates": [
          [
            -117.2436442,
            32.8780759
          ],
          [
            -117.2436436,
            32.8781615
          ],
          [
            -117.2436346,
            32.8795108
          ],
          [
            -117.2436273,
            32.8795556
          ],
          [
            -117.2436071,
            32.8795903
          ],
          [
            -117.243577,
            32.8796203
          ],
          [
            -117.2435438,
            32.8796427
          ]
        ]
      }
    },
    {
      "type": "Feature",
      "properties": {
        "name": "North Torrey Pines Road",
        "kind": "lane"
      },
      "geometry": {
        "type": "LineString",
        "coordinates": [
          [
            -117.2439803,
            32.880986
          ],
          [
            -117.2440019,
            32.8794177
          ],
          [
            -117.2440003,
            32.8776876
          ],
          [
            -117.243957,
            32.8773073
          ],
          [
            -117.2438478,
            32.8766009
          ]
        ]
      }
    },
    {
      "type": "Feature",
      "properties": {
        "name": "North Torrey Pines Road",
        "kind": "lane"
      },
      "geometry": {
        "type": "LineString",
        "coordinates": [
          [
            -117.243792,
            32.8810734
          ],
          [
            -117.243791,
            32.8811389
          ],
          [
            -117.243786,
            32.8816987
          ],
          [
            -117.243777,
            32.8829657
          ]
        ]
      }
    },
    {
      "type": "Feature",
      "properties": {
        "name": "Muir Lane",
        "kind": "shared"
      },
      "geometry": {
        "type": "LineString",
        "coordinates": [
          [
            -117.2415104,
            32.8796781
          ],
          [
            -117.2414619,
            32.8796784
          ],
          [
            -117.2413764,
            32.8796789
          ],
          [
            -117.2413177,
            32.8796846
          ],
          [
            -117.2412684,
            32.8796968
          ],
          [
            -117.2411242,
            32.8797383
          ],
          [
            -117.2410527,
            32.8797538
          ],
          [
            -117.2409631,
            32.8797621
          ]
        ]
      }
    },
    {
      "type": "Feature",
      "properties": {
        "name": null,
        "kind": "track"
      },
      "geometry": {
        "type": "LineString",
        "coordinates": [
          [
            -117.2404599,
            32.8791419
          ],
          [
            -117.2404513,
            32.879149
          ],
          [
            -117.2404458,
            32.8791579
          ],
          [
            -117.2404438,
            32.8791679
          ],
          [
            -117.2404456,
            32.8791779
          ],
          [
            -117.2404511,
            32.879187
          ],
          [
            -117.2404596,
            32.8791941
          ],
          [
            -117.2404698,
            32.8791986
          ],
          [
            -117.2404812,
            32.8792003
          ],
          [
            -117.2404926,
            32.879199
          ],
          [
            -117.2405031,
            32.879195
          ],
          [
            -117.2405117,
            32.8791886
          ],
          [
            -117.2405176,
            32.8791803
          ],
          [
            -117.2405203,
            32.8791709
          ],
          [
            -117.2405196,
            32.8791612
          ],
          [
            -117.2405149,
            32.8791514
          ],
          [
            -117.2405068,
            32.8791434
          ],
          [
            -117.2404959,
            32.8791381
          ],
          [
            -117.2404836,
            32.8791359
          ],
          [
            -117.2404712,
            32.8791372
          ],
          [
            -117.2404599,
            32.8791419
          ]
        ]
      }
    },
    {
      "type": "Feature",
      "properties": {
        "name": "Scholars Drive North",
        "kind": "lane"
      },
      "geometry": {
        "type": "LineString",
        "coordinates": [
          [
            -117.2423744,
            32.8816313
          ],
          [
            -117.242374,
            32.8816498
          ],
          [
            -117.2423712,
            32.8817915
          ]
        ]
      }
    },
    {
      "type": "Feature",
      "properties": {
        "name": null,
        "kind": "track"
      },
      "geometry": {
        "type": "LineString",
        "coordinates": [
          [
            -117.2424819,
            32.8809218
          ],
          [
            -117.2424801,
            32.8807303
          ],
          [
            -117.2424706,
            32.8803457
          ],
          [
            -117.2424728,
            32.8802477
          ],
          [
            -117.2425207,
            32.8801202
          ],
          [
            -117.2425178,
            32.8799278
          ],
          [
            -117.2424882,
            32.8798687
          ],
          [
            -117.2424687,
            32.879831
          ],
          [
            -117.2424642,
            32.8797473
          ]
        ]
      }
    },
    {
      "type": "Feature",
      "properties": {
        "name": null,
        "kind": "track"
      },
      "geometry": {
        "type": "LineString",
        "coordinates": [
          [
            -117.2423402,
            32.8797463
          ],
          [
            -117.2423298,
            32.879767
          ],
          [
            -117.2423371,
            32.8803476
          ],
          [
            -117.2423401,
            32.8804538
          ],
          [
            -117.2422925,
            32.8805835
          ],
          [
            -117.2422938,
            32.8807521
          ],
          [
            -117.2423401,
            32.8808676
          ],
          [
            -117.2423405,
            32.8809136
          ]
        ]
      }
    },
    {
      "type": "Feature",
      "properties": {
        "name": "North Torrey Pines Road",
        "kind": "lane"
      },
      "geometry": {
        "type": "LineString",
        "coordinates": [
          [
            -117.2437896,
            32.883814
          ],
          [
            -117.2437877,
            32.883919
          ]
        ]
      }
    },
    {
      "type": "Feature",
      "properties": {
        "name": "Pangea Drive",
        "kind": "lane"
      },
      "geometry": {
        "type": "LineString",
        "coordinates": [
          [
            -117.2432018,
            32.8838179
          ],
          [
            -117.2427115,
            32.8838228
          ]
        ]
      }
    },
    {
      "type": "Feature",
      "properties": {
        "name": null,
        "kind": "track"
      },
      "geometry": {
        "type": "LineString",
        "coordinates": [
          [
            -117.2406038,
            32.8796483
          ],
          [
            -117.2406043,
            32.8797252
          ],
          [
            -117.2406126,
            32.8797777
          ],
          [
            -117.2406124,
            32.8798014
          ]
        ]
      }
    },
    {
      "type": "Feature",
      "properties": {
        "name": null,
        "kind": "track"
      },
      "geometry": {
        "type": "LineString",
        "coordinates": [
          [
            -117.2405432,
            32.8792471
          ],
          [
            -117.2405685,
            32.8792919
          ],
          [
            -117.2405927,
            32.8793435
          ],
          [
            -117.240602,
            32.8793933
          ],
          [
            -117.2406038,
            32.8796483
          ]
        ]
      }
    },
    {
      "type": "Feature",
      "properties": {
        "name": "North Torrey Pines Road",
        "kind": "lane"
      },
      "geometry": {
        "type": "LineString",
        "coordinates": [
          [
            -117.2438175,
            32.878089
          ],
          [
            -117.2438015,
            32.8796952
          ]
        ]
      }
    },
    {
      "type": "Feature",
      "properties": {
        "name": "North Torrey Pines Road",
        "kind": "lane"
      },
      "geometry": {
        "type": "LineString",
        "coordinates": [
          [
            -117.2438015,
            32.8796952
          ],
          [
            -117.2437969,
            32.8804549
          ]
        ]
      }
    },
    {
      "type": "Feature",
      "properties": {
        "name": "North Torrey Pines Road",
        "kind": "lane"
      },
      "geometry": {
        "type": "LineString",
        "coordinates": [
          [
            -117.2439722,
            32.8840839
          ],
          [
            -117.2439735,
            32.88394
          ],
          [
            -117.2439738,
            32.8839095
          ],
          [
            -117.243975,
            32.8838177
          ]
        ]
      }
    },
    {
      "type": "Feature",
      "properties": {
        "name": "North Torrey Pines Road",
        "kind": "lane"
      },
      "geometry": {
        "type": "LineString",
        "coordinates": [
          [
            -117.2437897,
            32.8835392
          ],
          [
            -117.2437886,
            32.8836599
          ],
          [
            -117.2437882,
            32.8837013
          ],
          [
            -117.2437896,
            32.883814
          ]
        ]
      }
    },
    {
      "type": "Feature",
      "properties": {
        "name": "Muir Lane",
        "kind": "shared"
      },
      "geometry": {
        "type": "LineString",
        "coordinates": [
          [
            -117.2409631,
            32.8797621
          ],
          [
            -117.2409316,
            32.8797632
          ],
          [
            -117.2408259,
            32.8797617
          ],
          [
            -117.2407148,
            32.879736
          ]
        ]
      }
    },
    {
      "type": "Feature",
      "properties": {
        "name": null,
        "kind": "track"
      },
      "geometry": {
        "type": "LineString",
        "coordinates": [
          [
            -117.2405106,
            32.8790832
          ],
          [
            -117.240501,
            32.8791029
          ],
          [
            -117.2404599,
            32.8791419
          ],
          [
            -117.2404187,
            32.8791494
          ],
          [
            -117.2403833,
            32.8791511
          ]
        ]
      }
    },
    {
      "type": "Feature",
      "properties": {
        "name": null,
        "kind": "track"
      },
      "geometry": {
        "type": "LineString",
        "coordinates": [
          [
            -117.2403833,
            32.8791511
          ],
          [
            -117.2404324,
            32.8791801
          ],
          [
            -117.2404596,
            32.8791941
          ],
          [
            -117.2404776,
            32.879207
          ],
          [
            -117.2405167,
            32.8792322
          ],
          [
            -117.2405432,
            32.8792471
          ]
        ]
      }
    },
    {
      "type": "Feature",
      "properties": {
        "name": null,
        "kind": "track"
      },
      "geometry": {
        "type": "LineString",
        "coordinates": [
          [
            -117.2405432,
            32.8792471
          ],
          [
            -117.2405196,
            32.8791612
          ],
          [
            -117.2405188,
            32.8791319
          ],
          [
            -117.2405106,
            32.8790832
          ]
        ]
      }
    },
    {
      "type": "Feature",
      "properties": {
        "name": "North Torrey Pines Road",
        "kind": "lane"
      },
      "geometry": {
        "type": "LineString",
        "coordinates": [
          [
            -117.2436576,
            32.8879482
          ],
          [
            -117.2437024,
            32.8878087
          ],
          [
            -117.2437313,
            32.8877187
          ]
        ]
      }
    },
    {
      "type": "Feature",
      "properties": {
        "name": "North Torrey Pines Road",
        "kind": "lane"
      },
      "geometry": {
        "type": "LineString",
        "coordinates": [
          [
            -117.2437969,
            32.8804549
          ],
          [
            -117.2437941,
            32.880703
          ]
        ]
      }
    },
    {
      "type": "Feature",
      "properties": {
        "name": "Exploration Drive",
        "kind": "lane"
      },
      "geometry": {
        "type": "LineString",
        "coordinates": [
          [
            -117.2427895,
            32.8809848
          ],
          [
            -117.2425691,
            32.880985
          ],
          [
            -117.2425356,
            32.880984
          ],
          [
            -117.2423999,
            32.8809828
          ]
        ]
      }
    },
    {
      "type": "Feature",
      "properties": {
        "name": "North Torrey Pines Road",
        "kind": "lane"
      },
      "geometry": {
        "type": "LineString",
        "coordinates": [
          [
            -117.2439779,
            32.881349
          ],
          [
            -117.2439773,
            32.8811712
          ],
          [
            -117.2439777,
            32.8811434
          ],
          [
            -117.2439785,
            32.8810801
          ]
        ]
      }
    },
    {
      "type": "Feature",
      "properties": {
        "name": "Ridge Walk",
        "kind": "track"
      },
      "geometry": {
        "type": "LineString",
        "coordinates": [
          [
            -117.2407357,
            32.8767811
          ],
          [
            -117.2407362,
            32.8765365
          ],
          [
            -117.2407342,
            32.8764387
          ],
          [
            -117.2407356,
            32.8760222
          ],
          [
            -117.2407174,
            32.8759066
          ],
          [
            -117.2407201,
            32.8758208
          ],
          [
            -117.2407197,
            32.8757831
          ]
        ]
      }
    },
    {
      "type": "Feature",
      "properties": {
        "name": null,
        "kind": "track"
      },
      "geometry": {
        "type": "LineString",
        "coordinates": [
          [
            -117.2409399,
            32.8775253
          ],
          [
            -117.2408287,
            32.8774649
          ],
          [
            -117.2407386,
            32.877401
          ],
          [
            -117.2407074,
            32.8773741
          ],
          [
            -117.2406551,
            32.8773451
          ],
          [
            -117.2404558,
            32.8772797
          ],
          [
            -117.2403646,
            32.8771994
          ],
          [
            -117.2403584,
            32.8771681
          ]
        ]
      }
    },
    {
      "type": "Feature",
      "properties": {
        "name": "Revelle College Drive",
        "kind": "lane"
      },
      "geometry": {
        "type": "LineString",
        "coordinates": [
          [
            -117.2433466,
            32.8757385
          ],
          [
            -117.24318,
            32.8757724
          ],
          [
            -117.2430856,
            32.8757839
          ]
        ]
      }
    },
    {
      "type": "Feature",
      "properties": {
        "name": "North Torrey Pines Road",
        "kind": "lane"
      },
      "geometry": {
        "type": "LineString",
        "coordinates": [
          [
            -117.243601,
            32.8756389
          ],
          [
            -117.2436064,
            32.8757703
          ],
          [
            -117.243621,
            32.8760263
          ],
          [
            -117.2436993,
            32.8766633
          ],
          [
            -117.2437838,
            32.8772447
          ],
          [
            -117.2438058,
            32.8774508
          ],
          [
            -117.2438206,
            32.8777784
          ],
          [
            -117.2438175,
            32.878089
          ]
        ]
      }
    },
    {
      "type": "Feature",
      "properties": {
        "name": "North Torrey Pines Road",
        "kind": "shared"
      },
      "geometry": {
        "type": "LineString",
        "coordinates": [
          [
            -117.2436043,
            32.8752802
          ],
          [
            -117.2436024,
            32.8754849
          ],
          [
            -117.2436022,
            32.8755106
          ],
          [
            -117.243601,
            32.8756389
          ]
        ]
      }
    },
    {
      "type": "Feature",
      "properties": {
        "name": "North Torrey Pines Road",
        "kind": "shared"
      },
      "geometry": {
        "type": "LineString",
        "coordinates": [
          [
            -117.2438043,
            32.8762921
          ],
          [
            -117.2437886,
            32.8761588
          ]
        ]
      }
    },
    {
      "type": "Feature",
      "properties": {
        "name": "North Torrey Pines Road",
        "kind": "shared"
      },
      "geometry": {
        "type": "LineString",
        "coordinates": [
          [
            -117.2436053,
            32.8750834
          ],
          [
            -117.2436043,
            32.8752802
          ]
        ]
      }
    },
    {
      "type": "Feature",
      "properties": {
        "name": "North Torrey Pines Road",
        "kind": "shared"
      },
      "geometry": {
        "type": "LineString",
        "coordinates": [
          [
            -117.2437886,
            32.8761588
          ],
          [
            -117.2437612,
            32.8759492
          ],
          [
            -117.2437473,
            32.8757619
          ],
          [
            -117.2437486,
            32.8757007
          ],
          [
            -117.2437472,
            32.8755491
          ]
        ]
      }
    },
    {
      "type": "Feature",
      "properties": {
        "name": null,
        "kind": "track"
      },
      "geometry": {
        "type": "LineString",
        "coordinates": [
          [
            -117.2408393,
            32.8769023
          ],
          [
            -117.2406727,
            32.8769324
          ],
          [
            -117.2405618,
            32.8769808
          ],
          [
            -117.2403825,
            32.8770946
          ],
          [
            -117.2403584,
            32.8771681
          ]
        ]
      }
    },
    {
      "type": "Feature",
      "properties": {
        "name": "La Jolla Shores Drive",
        "kind": "lane"
      },
      "geometry": {
        "type": "LineString",
        "coordinates": [
          [
            -117.243601,
            32.8756389
          ],
          [
            -117.2437472,
            32.8755491
          ]
        ]
      }
    },
    {
      "type": "Feature",
      "properties": {
        "name": "Scholars Drive South",
        "kind": "shared"
      },
      "geometry": {
        "type": "LineString",
        "coordinates": [
          [
            -117.2431292,
            32.8759703
          ],
          [
            -117.2432084,
            32.8760741
          ],
          [
            -117.2433924,
            32.8762475
          ],
          [
            -117.243432,
            32.8763209
          ],
          [
            -117.2434836,
            32.8764258
          ],
          [
            -117.2435149,
            32.8765435
          ],
          [
            -117.2436094,
            32.8772088
          ],
          [
            -117.2436365,
            32.8774657
          ],
          [
            -117.2436432,
            32.8779993
          ],
          [
            -117.2436442,
            32.8780759
          ]
        ]
      }
    },
    {
      "type": "Feature",
      "properties": {
        "name": "Scholars Drive South",
        "kind": "lane"
      },
      "geometry": {
        "type": "LineString",
        "coordinates": [
          [
            -117.2430856,
            32.8757839
          ],
          [
            -117.2431056,
            32.8759038
          ],
          [
            -117.2431133,
            32.8759383
          ]
        ]
      }
    },
    {
      "type": "Feature",
      "properties": {
        "name": "Scholars Drive South",
        "kind": "lane"
      },
      "geometry": {
        "type": "LineString",
        "coordinates": [
          [
            -117.2430856,
            32.8757839
          ],
          [
            -117.243078,
            32.8757013
          ],
          [
            -117.2430788,
            32.8756358
          ],
          [
            -117.2430817,
            32.8756104
          ],
          [
            -117.2430945,
            32.8755541
          ],
          [
            -117.2431113,
            32.8755007
          ],
          [
            -117.243139,
            32.8754387
          ],
          [
            -117.2431861,
            32.8753704
          ],
          [
            -117.2432426,
            32.8753078
          ]
        ]
      }
    },
    {
      "type": "Feature",
      "properties": {
        "name": "Revelle College Drive",
        "kind": "lane"
      },
      "geometry": {
        "type": "LineString",
        "coordinates": [
          [
            -117.243601,
            32.8756389
          ],
          [
            -117.2435192,
            32.8756793
          ],
          [
            -117.2435036,
            32.8756847
          ],
          [
            -117.2433466,
            32.8757385
          ]
        ]
      }
    },
    {
      "type": "Feature",
      "properties": {
        "name": "North Torrey Pines Road",
        "kind": "shared"
      },
      "geometry": {
        "type": "LineString",
        "coordinates": [
          [
            -117.2438478,
            32.8766009
          ],
          [
            -117.2438296,
            32.8764835
          ],
          [
            -117.2438043,
            32.8762921
          ]
        ]
      }
    },
    {
      "type": "Feature",
      "properties": {
        "name": "Scholars Drive South",
        "kind": "lane"
      },
      "geometry": {
        "type": "LineString",
        "coordinates": [
          [
            -117.2431133,
            32.8759383
          ],
          [
            -117.2431292,
            32.8759703
          ]
        ]
      }
    },
    {
      "type": "Feature",
      "properties": {
        "name": "Scholars Drive South",
        "kind": "lane"
      },
      "geometry": {
        "type": "LineString",
        "coordinates": [
          [
            -117.2432426,
            32.8753078
          ],
          [
            -117.2433169,
            32.8752309
          ],
          [
            -117.2433566,
            32.8751716
          ],
          [
            -117.2433953,
            32.8750903
          ],
          [
            -117.2434199,
            32.875016
          ],
          [
            -117.2434277,
            32.8749506
          ],
          [
            -117.2434274,
            32.8747285
          ],
          [
            -117.2434276,
            32.874681
          ]
        ]
      }
    },
    {
      "type": "Feature",
      "properties": {
        "name": null,
        "kind": "track"
      },
      "geometry": {
        "type": "LineString",
        "coordinates": [
          [
            -117.2407265,
            32.8782807
          ],
          [
            -117.2407402,
            32.8782264
          ],
          [
            -117.2407599,
            32.8781231
          ],
          [
            -117.2407657,
            32.8780739
          ],
          [
            -117.24078,
            32.8780283
          ],
          [
            -117.2408087,
            32.8779944
          ],
          [
            -117.2408867,
            32.8779381
          ],
          [
            -117.2409991,
            32.8779049
          ]
        ]
      }
    },
    {
      "type": "Feature",
      "properties": {
        "name": "Ridge Walk",
        "kind": "track"
      },
      "geometry": {
        "type": "LineString",
        "coordinates": [
          [
            -117.2407221,
            32.8754506
          ],
          [
            -117.2407251,
            32.8752526
          ],
          [
            -117.2407313,
            32.8752156
          ],
          [
            -117.2407572,
            32.8751407
          ],
          [
            -117.2407916,
            32.8750969
          ]
        ]
      }
    },
    {
      "type": "Feature",
      "properties": {
        "name": "Ridge Walk",
        "kind": "track"
      },
      "geometry": {
        "type": "LineString",
        "coordinates": [
          [
            -117.2407197,
            32.8757831
          ],
          [
            -117.2407174,
            32.8757493
          ],
          [
            -117.2407064,
            32.8757192
          ],
          [
            -117.2407012,
            32.8757027
          ],
          [
            -117.2407015,
            32.8755034
          ],
          [
            -117.2407044,
            32.8754854
          ],
          [
            -117.2407184,
            32.8754606
          ],
          [
            -117.2407221,
            32.8754506
          ]
        ]
      }
    },
    {
      "type": "Feature",
      "properties": {
        "name": "Ridge Walk",
        "kind": "track"
      },
      "geometry": {
        "type": "LineString",
        "coordinates": [
          [
            -117.2408393,
            32.8769023
          ],
          [
            -117.2407357,
            32.8767811
          ]
        ]
      }
    },
    {
      "type": "Feature",
      "properties": {
        "name": "Soledad Mountain Road",
        "kind": "lane"
      },
      "geometry": {
        "type": "LineString",
        "coordinates": [
          [
            -117.235463,
            32.8233461
          ],
          [
            -117.235619,
            32.823536
          ]
        ]
      }
    },
    {
      "type": "Feature",
      "properties": {
        "name": "Soledad Mountain Road",
        "kind": "lane"
      },
      "geometry": {
        "type": "LineString",
        "coordinates": [
          [
            -117.234917,
            32.822681
          ],
          [
            -117.2350616,
            32.8228542
          ]
        ]
      }
    },
    {
      "type": "Feature",
      "properties": {
        "name": "Soledad Mountain Road",
        "kind": "lane"
      },
      "geometry": {
        "type": "LineString",
        "coordinates": [
          [
            -117.2350616,
            32.8228542
          ],
          [
            -117.235463,
            32.8233461
          ]
        ]
      }
    },
    {
      "type": "Feature",
      "properties": {
        "name": "Soledad Mountain Road",
        "kind": "lane"
      },
      "geometry": {
        "type": "LineString",
        "coordinates": [
          [
            -117.233879,
            32.8205948
          ],
          [
            -117.2338647,
            32.8207885
          ]
        ]
      }
    },
    {
      "type": "Feature",
      "properties": {
        "name": "Soledad Mountain Road",
        "kind": "lane"
      },
      "geometry": {
        "type": "LineString",
        "coordinates": [
          [
            -117.2350001,
            32.8190877
          ],
          [
            -117.2342814,
            32.8198059
          ],
          [
            -117.2342321,
            32.8198717
          ]
        ]
      }
    },
    {
      "type": "Feature",
      "properties": {
        "name": "Soledad Mountain Road",
        "kind": "lane"
      },
      "geometry": {
        "type": "LineString",
        "coordinates": [
          [
            -117.2340405,
            32.8201477
          ],
          [
            -117.2339331,
            32.8203863
          ],
          [
            -117.233879,
            32.8205948
          ]
        ]
      }
    },
    {
      "type": "Feature",
      "properties": {
        "name": "Soledad Mountain Road",
        "kind": "lane"
      },
      "geometry": {
        "type": "LineString",
        "coordinates": [
          [
            -117.2342321,
            32.8198717
          ],
          [
            -117.2341287,
            32.8199954
          ],
          [
            -117.2340405,
            32.8201477
          ]
        ]
      }
    },
    {
      "type": "Feature",
      "properties": {
        "name": "Soledad Mountain Road",
        "kind": "lane"
      },
      "geometry": {
        "type": "LineString",
        "coordinates": [
          [
            -117.2338647,
            32.8207885
          ],
          [
            -117.2338779,
            32.8209951
          ],
          [
            -117.23391,
            32.8211944
          ],
          [
            -117.233948,
            32.8213014
          ],
          [
            -117.234047,
            32.8215294
          ],
          [
            -117.234627,
            32.8223
          ],
          [
            -117.234917,
            32.822681
          ]
        ]
      }
    },
    {
      "type": "Feature",
      "properties": {
        "name": "Balboa Avenue",
        "kind": "lane"
      },
      "geometry": {
        "type": "LineString",
        "coordinates": [
          [
            -117.1969752,
            32.8123239
          ],
          [
            -117.1974087,
            32.8121633
          ],
          [
            -117.1977327,
            32.8120679
          ]
        ]
      }
    },
    {
      "type": "Feature",
      "properties": {
        "name": "Balboa Avenue",
        "kind": "lane"
      },
      "geometry": {
        "type": "LineString",
        "coordinates": [
          [
            -117.1977327,
            32.8120679
          ],
          [
            -117.1978351,
            32.8120411
          ]
        ]
      }
    },
    {
      "type": "Feature",
      "properties": {
        "name": "Rose Canyon Bike Path",
        "kind": "track"
      },
      "geometry": {
        "type": "LineString",
        "coordinates": [
          [
            -117.2322349,
            32.8340953
          ],
          [
            -117.232277,
            32.8342364
          ],
          [
            -117.2323877,
            32.8346272
          ],
          [
            -117.2325365,
            32.8351196
          ],
          [
            -117.2326921,
            32.8356537
          ],
          [
            -117.2328123,
            32.8360702
          ],
          [
            -117.2329161,
            32.8364346
          ],
          [
            -117.2329818,
            32.8366014
          ],
          [
            -117.2330535,
            32.8367732
          ],
          [
            -117.2331025,
            32.8369507
          ],
          [
            -117.2331668,
            32.8371738
          ],
          [
            -117.2332092,
            32.8374385
          ],
          [
            -117.2332433,
            32.8375817
          ],
          [
            -117.2334009,
            32.8379046
          ],
          [
            -117.2334713,
            32.8379919
          ],
          [
            -117.2336014,
            32.838184
          ],
          [
            -117.2338649,
            32.8385992
          ],
          [
            -117.2339487,
            32.8387784
          ],
          [
            -117.2340433,
            32.8389232
          ],
          [
            -117.234109,
            32.8389987
          ],
          [
            -117.234166,
            32.8390725
          ],
          [
            -117.2342666,
            32.8392567
          ],
          [
            -117.2343108,
            32.8393249
          ],
          [
            -117.2343705,
            32.8393897
          ],
          [
            -117.2344369,
            32.839455
          ],
          [
            -117.2345026,
            32.8395142
          ],
          [
            -117.2345837,
            32.839575
          ],
          [
            -117.2346658,
            32.8396539
          ],
          [
            -117.234728,
            32.8397221
          ],
          [
            -117.2347891,
            32.8397946
          ],
          [
            -117.2348379,
            32.8398629
          ],
          [
            -117.2350554,
            32.8401817
          ],
          [
            -117.2352376,
            32.840442
          ],
          [
            -117.2354179,
            32.8407215
          ],
          [
            -117.2355461,
            32.8409787
          ],
          [
            -117.23565,
            32.8411949
          ],
          [
            -117.2356928,
            32.8413463
          ],
          [
            -117.2357029,
            32.8414308
          ],
          [
            -117.2356875,
            32.8414905
          ],
          [
            -117.2356528,
            32.8415714
          ],
          [
            -117.2356117,
            32.8416601
          ],
          [
            -117.2355835,
            32.84173
          ],
          [
            -117.2355842,
            32.8417801
          ],
          [
            -117.235609,
            32.841855
          ],
          [
            -117.2356928,
            32.8421384
          ],
          [
            -117.2357471,
            32.8423784
          ],
          [
            -117.2358122,
            32.842675
          ],
          [
            -117.2358446,
            32.8429024
          ],
          [
            -117.2358722,
            32.8430864
          ],
          [
            -117.2359128,
            32.843365
          ],
          [
            -117.2359567,
            32.8435782
          ],
          [
            -117.2359919,
            32.8438162
          ],
          [
            -117.2359963,
            32.8439244
          ],
          [
            -117.2359914,
            32.84403
          ],
          [
            -117.2359793,
            32.8441441
          ],
          [
            -117.2359516,
            32.8443236
          ],
          [
            -117.235928,
            32.8444676
          ],
          [
            -117.2358893,
            32.8450262
          ],
          [
            -117.2358201,
            32.8454837
          ],
          [
            -117.2357175,
            32.8459736
          ],
          [
            -117.2356271,
            32.8463158
          ],
          [
            -117.2354907,
            32.8467568
          ],
          [
            -117.2354127,
            32.8470538
          ],
          [
            -117.2353421,
            32.8473257
          ],
          [
            -117.2352997,
            32.8474698
          ],
          [
            -117.2352479,
            32.8475988
          ],
          [
            -117.2351907,
            32.8476974
          ],
          [
            -117.2351219,
            32.8478138
          ],
          [
            -117.2350774,
            32.8478942
          ],
          [
            -117.2350364,
            32.8480115
          ],
          [
            -117.23499,
            32.8481343
          ],
          [
            -117.2349385,
            32.8483175
          ],
          [
            -117.2348613,
            32.8485745
          ],
          [
            -117.2348168,
            32.848748
          ],
          [
            -117.2348001,
            32.8488345
          ],
          [
            -117.2347889,
            32.8488897
          ],
          [
            -117.2347835,
            32.8489514
          ],
          [
            -117.2347909,
            32.8489885
          ]
        ]
      }
    },
    {
      "type": "Feature",
      "properties": {
        "name": "Gilman Drive",
        "kind": "lane"
      },
      "geometry": {
        "type": "LineString",
        "coordinates": [
          [
            -117.2351495,
            32.8495547
          ],
          [
            -117.2354132,
            32.8498147
          ],
          [
            -117.2356452,
            32.8500332
          ]
        ]
      }
    },
    {
      "type": "Feature",
      "properties": {
        "name": "La Jolla Colony Drive",
        "kind": "lane"
      },
      "geometry": {
        "type": "LineString",
        "coordinates": [
          [
            -117.2337941,
            32.8500984
          ],
          [
            -117.233626,
            32.850418
          ],
          [
            -117.2330421,
            32.8514492
          ],
          [
            -117.2328194,
            32.8517738
          ],
          [
            -117.2325185,
            32.8521702
          ],
          [
            -117.2314788,
            32.8533976
          ],
          [
            -117.231274,
            32.8536152
          ]
        ]
      }
    },
    {
      "type": "Feature",
      "properties": {
        "name": "Gilman Drive",
        "kind": "lane"
      },
      "geometry": {
        "type": "LineString",
        "coordinates": [
          [
            -117.2362504,
            32.8506849
          ],
          [
            -117.2363171,
            32.8507836
          ],
          [
            -117.236419,
            32.8509661
          ],
          [
            -117.2365263,
            32.8512061
          ]
        ]
      }
    },
    {
      "type": "Feature",
      "properties": {
        "name": "La Jolla Colony Drive",
        "kind": "lane"
      },
      "geometry": {
        "type": "LineString",
        "coordinates": [
          [
            -117.2347696,
            32.8491972
          ],
          [
            -117.2348171,
            32.8492419
          ],
          [
            -117.2351495,
            32.8495547
          ]
        ]
      }
    },
    {
      "type": "Feature",
      "properties": {
        "name": "Gilman Drive",
        "kind": "lane"
      },
      "geometry": {
        "type": "LineString",
        "coordinates": [
          [
            -117.2356452,
            32.8500332
          ],
          [
            -117.2357199,
            32.8501063
          ],
          [
            -117.2357832,
            32.8501682
          ],
          [
            -117.2359644,
            32.8503363
          ],
          [
            -117.2360837,
            32.8504704
          ],
          [
            -117.2361884,
            32.8505932
          ],
          [
            -117.2362504,
            32.8506849
          ]
        ]
      }
    },
    {
      "type": "Feature",
      "properties": {
        "name": "La Jolla Colony Drive",
        "kind": "lane"
      },
      "geometry": {
        "type": "LineString",
        "coordinates": [
          [
            -117.2347696,
            32.8491972
          ],
          [
            -117.2347353,
            32.8490764
          ]
        ]
      }
    },
    {
      "type": "Feature",
      "properties": {
        "name": "La Jolla Colony Drive",
        "kind": "lane"
      },
      "geometry": {
        "type": "LineString",
        "coordinates": [
          [
            -117.2347353,
            32.8490764
          ],
          [
            -117.2346481,
            32.8490445
          ],
          [
            -117.2345931,
            32.8490333
          ],
          [
            -117.2345435,
            32.8490299
          ],
          [
            -117.2344919,
            32.849035
          ],
          [
            -117.2344442,
            32.8490452
          ],
          [
            -117.2343923,
            32.8490605
          ]
        ]
      }
    },
    {
      "type": "Feature",
      "properties": {
        "name": "La Jolla Colony Drive",
        "kind": "lane"
      },
      "geometry": {
        "type": "LineString",
        "coordinates": [
          [
            -117.2339723,
            32.8497464
          ],
          [
            -117.2340869,
            32.8496648
          ],
          [
            -117.2343413,
            32.8492309
          ],
          [
            -117.2343975,
            32.8491825
          ],
          [
            -117.2344482,
            32.8491595
          ],
          [
            -117.2344962,
            32.8491503
          ],
          [
            -117.2345427,
            32.8491526
          ],
          [
            -117.2346099,
            32.8491641
          ],
          [
            -117.2346293,
            32.8491716
          ],
          [
            -117.2346667,
            32.849186
          ],
          [
            -117.2347696,
            32.8491972
          ]
        ]
      }
    },
    {
      "type": "Feature",
      "properties": {
        "name": "La Jolla Colony Drive",
        "kind": "lane"
      },
      "geometry": {
        "type": "LineString",
        "coordinates": [
          [
            -117.2343923,
            32.8490605
          ],
          [
            -117.2343278,
            32.8490876
          ],
          [
            -117.2342755,
            32.8491322
          ],
          [
            -117.2342304,
            32.8491982
          ],
          [
            -117.2339801,
            32.8496388
          ],
          [
            -117.2339723,
            32.8497464
          ]
        ]
      }
    },
    {
      "type": "Feature",
      "properties": {
        "name": "La Jolla Colony Drive",
        "kind": "lane"
      },
      "geometry": {
        "type": "LineString",
        "coordinates": [
          [
            -117.2339723,
            32.8497464
          ],
          [
            -117.2337941,
            32.8500984
          ]
        ]
      }
    },
    {
      "type": "Feature",
      "properties": {
        "name": "Gilman Drive",
        "kind": "lane"
      },
      "geometry": {
        "type": "LineString",
        "coordinates": [
          [
            -117.2365263,
            32.8512061
          ],
          [
            -117.236572,
            32.851337
          ],
          [
            -117.2366121,
            32.8514618
          ],
          [
            -117.2366337,
            32.8515535
          ]
        ]
      }
    },
    {
      "type": "Feature",
      "properties": {
        "name": "Balboa Avenue",
        "kind": "shared"
      },
      "geometry": {
        "type": "LineString",
        "coordinates": [
          [
            -117.1671077,
            32.8206017
          ],
          [
            -117.1672508,
            32.8205713
          ],
          [
            -117.1676056,
            32.820496
          ],
          [
            -117.1681327,
            32.8204233
          ],
          [
            -117.168475,
            32.8203969
          ],
          [
            -117.1689313,
            32.8203836
          ],
          [
            -117.1693501,
            32.8203812
          ]
        ]
      }
    },
    {
      "type": "Feature",
      "properties": {
        "name": "Balboa Avenue",
        "kind": "lane"
      },
      "geometry": {
        "type": "LineString",
        "coordinates": [
          [
            -117.1629428,
            32.8216085
          ],
          [
            -117.1628191,
            32.8216181
          ],
          [
            -117.1627416,
            32.8216241
          ],
          [
            -117.162672,
            32.8216295
          ],
          [
            -117.1624053,
            32.8216365
          ],
          [
            -117.1618504,
            32.8216355
          ]
        ]
      }
    },
    {
      "type": "Feature",
      "properties": {
        "name": "Balboa Avenue",
        "kind": "lane"
      },
      "geometry": {
        "type": "LineString",
        "coordinates": [
          [
            -117.1623123,
            32.8217897
          ],
          [
            -117.162447,
            32.8217906
          ],
          [
            -117.1627137,
            32.8217836
          ],
          [
            -117.1630483,
            32.8217626
          ]
        ]
      }
    },
    {
      "type": "Feature",
      "properties": {
        "name": "Balboa Avenue",
        "kind": "lane"
      },
      "geometry": {
        "type": "LineString",
        "coordinates": [
          [
            -117.1667166,
            32.8205522
          ],
          [
            -117.1661345,
            32.8207307
          ],
          [
            -117.1658217,
            32.8208481
          ]
        ]
      }
    },
    {
      "type": "Feature",
      "properties": {
        "name": null,
        "kind": "track"
      },
      "geometry": {
        "type": "LineString",
        "coordinates": [
          [
            -117.1678412,
            32.8297583
          ],
          [
            -117.167702,
            32.8296065
          ],
          [
            -117.1672264,
            32.8289176
          ],
          [
            -117.1670419,
            32.8286134
          ],
          [
            -117.1669744,
            32.8284464
          ],
          [
            -117.1669106,
            32.8281392
          ],
          [
            -117.1667757,
            32.8279781
          ],
          [
            -117.1664492,
            32.8274771
          ],
          [
            -117.1661333,
            32.8270089
          ],
          [
            -117.1658635,
            32.8265764
          ],
          [
            -117.1656683,
            32.8263527
          ],
          [
            -117.165569,
            32.8261082
          ],
          [
            -117.1654483,
            32.8258755
          ],
          [
            -117.1653667,
            32.8256578
          ],
          [
            -117.1652247,
            32.8253357
          ],
          [
            -117.1649088,
            32.8248406
          ],
          [
            -117.1646715,
            32.8244319
          ],
          [
            -117.1644307,
            32.824052
          ],
          [
            -117.1642702,
            32.8237665
          ],
          [
            -117.1641846,
            32.8236046
          ],
          [
            -117.1641579,
            32.8235192
          ],
          [
            -117.1641365,
            32.8234225
          ],
          [
            -117.164206,
            32.8233101
          ],
          [
            -117.1643371,
            32.8231415
          ],
          [
            -117.1648079,
            32.8220556
          ],
          [
            -117.1649953,
            32.8216003
          ],
          [
            -117.1653498,
            32.8213101
          ],
          [
            -117.1665133,
            32.8208878
          ]
        ]
      }
    },
    {
      "type": "Feature",
      "properties": {
        "name": "Balboa Avenue",
        "kind": "shared"
      },
      "geometry": {
        "type": "LineString",
        "coordinates": [
          [
            -117.1708276,
            32.8203755
          ],
          [
            -117.1714023,
            32.8203705
          ],
          [
            -117.1714408,
            32.8203702
          ],
          [
            -117.1715221,
            32.8203695
          ]
        ]
      }
    },
    {
      "type": "Feature",
      "properties": {
        "name": "Balboa Avenue",
        "kind": "shared"
      },
      "geometry": {
        "type": "LineString",
        "coordinates": [
          [
            -117.1666455,
            32.82074
          ],
          [
            -117.1667874,
            32.8206944
          ],
          [
            -117.1669085,
            32.8206593
          ],
          [
            -117.1669813,
            32.8206382
          ],
          [
            -117.1671077,
            32.8206017
          ]
        ]
      }
    },
    {
      "type": "Feature",
      "properties": {
        "name": "Balboa Avenue",
        "kind": "lane"
      },
      "geometry": {
        "type": "LineString",
        "coordinates": [
          [
            -117.166135,
            32.8209253
          ],
          [
            -117.1662129,
            32.8208989
          ],
          [
            -117.1666455,
            32.82074
          ]
        ]
      }
    },
    {
      "type": "Feature",
      "properties": {
        "name": "Balboa Avenue",
        "kind": "shared"
      },
      "geometry": {
        "type": "LineString",
        "coordinates": [
          [
            -117.1677472,
            32.8203425
          ],
          [
            -117.1675466,
            32.8203704
          ],
          [
            -117.1672733,
            32.8204189
          ],
          [
            -117.1672404,
            32.8204247
          ],
          [
            -117.1670677,
            32.8204645
          ]
        ]
      }
    },
    {
      "type": "Feature",
      "properties": {
        "name": "Balboa Avenue",
        "kind": "lane"
      },
      "geometry": {
        "type": "LineString",
        "coordinates": [
          [
            -117.1715225,
            32.8202213
          ],
          [
            -117.1714418,
            32.8202222
          ],
          [
            -117.1705352,
            32.8202326
          ],
          [
            -117.1699737,
            32.8202316
          ],
          [
            -117.1694702,
            32.8202448
          ],
          [
            -117.1693563,
            32.8202459
          ]
        ]
      }
    },
    {
      "type": "Feature",
      "properties": {
        "name": "Balboa Avenue",
        "kind": "lane"
      },
      "geometry": {
        "type": "LineString",
        "coordinates": [
          [
            -117.1634668,
            32.8217086
          ],
          [
            -117.1637546,
            32.821653
          ],
          [
            -117.1643013,
            32.8215315
          ],
          [
            -117.1644172,
            32.8215057
          ],
          [
            -117.1646554,
            32.8214365
          ],
          [
            -117.1654847,
            32.8211443
          ]
        ]
      }
    },
    {
      "type": "Feature",
      "properties": {
        "name": "Balboa Avenue",
        "kind": "lane"
      },
      "geometry": {
        "type": "LineString",
        "coordinates": [
          [
            -117.1670677,
            32.8204645
          ],
          [
            -117.1667166,
            32.8205522
          ]
        ]
      }
    },
    {
      "type": "Feature",
      "properties": {
        "name": "Balboa Avenue",
        "kind": "lane"
      },
      "geometry": {
        "type": "LineString",
        "coordinates": [
          [
            -117.1654847,
            32.8211443
          ],
          [
            -117.1658673,
            32.8210158
          ],
          [
            -117.166135,
            32.8209253
          ]
        ]
      }
    },
    {
      "type": "Feature",
      "properties": {
        "name": "Balboa Avenue",
        "kind": "lane"
      },
      "geometry": {
        "type": "LineString",
        "coordinates": [
          [
            -117.1658217,
            32.8208481
          ],
          [
            -117.165509,
            32.8209654
          ],
          [
            -117.1651235,
            32.821101
          ],
          [
            -117.1644076,
            32.8213456
          ],
          [
            -117.1638097,
            32.8214844
          ],
          [
            -117.1635068,
            32.8215472
          ],
          [
            -117.1632039,
            32.8215869
          ],
          [
            -117.1629428,
            32.8216085
          ]
        ]
      }
    },
    {
      "type": "Feature",
      "properties": {
        "name": "Balboa Avenue",
        "kind": "shared"
      },
      "geometry": {
        "type": "LineString",
        "coordinates": [
          [
            -117.1630483,
            32.8217626
          ],
          [
            -117.1632354,
            32.821739
          ],
          [
            -117.1634668,
            32.8217086
          ]
        ]
      }
    },
    {
      "type": "Feature",
      "properties": {
        "name": "Balboa Avenue",
        "kind": "shared"
      },
      "geometry": {
        "type": "LineString",
        "coordinates": [
          [
            -117.1693563,
            32.8202459
          ],
          [
            -117.1688054,
            32.8202514
          ],
          [
            -117.168416,
            32.8202646
          ],
          [
            -117.1680698,
            32.8202977
          ],
          [
            -117.1677472,
            32.8203425
          ]
        ]
      }
    },
    {
      "type": "Feature",
      "properties": {
        "name": "Balboa Avenue",
        "kind": "lane"
      },
      "geometry": {
        "type": "LineString",
        "coordinates": [
          [
            -117.1693501,
            32.8203812
          ],
          [
            -117.1695134,
            32.8203803
          ],
          [
            -117.1698871,
            32.8203836
          ],
          [
            -117.1708276,
            32.8203755
          ]
        ]
      }
    },
    {
      "type": "Feature",
      "properties": {
        "name": "Balboa Avenue",
        "kind": "lane"
      },
      "geometry": {
        "type": "LineString",
        "coordinates": [
          [
            -117.1734566,
            32.8202196
          ],
          [
            -117.1733169,
            32.8202209
          ],
          [
            -117.1732143,
            32.8202219
          ],
          [
            -117.1729747,
            32.8202243
          ],
          [
            -117.1729003,
            32.820225
          ],
          [
            -117.1727675,
            32.8202244
          ],
          [
            -117.1726414,
            32.8202238
          ],
          [
            -117.1721883,
            32.8202217
          ]
        ]
      }
    },
    {
      "type": "Feature",
      "properties": {
        "name": "Balboa Avenue",
        "kind": "shared"
      },
      "geometry": {
        "type": "LineString",
        "coordinates": [
          [
            -117.1721883,
            32.8202217
          ],
          [
            -117.1716738,
            32.8202214
          ],
          [
            -117.1715225,
            32.8202213
          ]
        ]
      }
    },
    {
      "type": "Feature",
      "properties": {
        "name": "Balboa Avenue",
        "kind": "lane"
      },
      "geometry": {
        "type": "LineString",
        "coordinates": [
          [
            -117.1715221,
            32.8203695
          ],
          [
            -117.172145,
            32.8203737
          ],
          [
            -117.1727989,
            32.8203768
          ]
        ]
      }
    },
    {
      "type": "Feature",
      "properties": {
        "name": "Balboa Avenue",
        "kind": "lane"
      },
      "geometry": {
        "type": "LineString",
        "coordinates": [
          [
            -117.1727989,
            32.8203768
          ],
          [
            -117.1728373,
            32.820377
          ],
          [
            -117.1734563,
            32.820372
          ]
        ]
      }
    },
    {
      "type": "Feature",
      "properties": {
        "name": "Balboa Avenue",
        "kind": "lane"
      },
      "geometry": {
        "type": "LineString",
        "coordinates": [
          [
            -117.1734563,
            32.820372
          ],
          [
            -117.1736555,
            32.8203704
          ]
        ]
      }
    },
    {
      "type": "Feature",
      "properties": {
        "name": "Balboa Avenue",
        "kind": "lane"
      },
      "geometry": {
        "type": "LineString",
        "coordinates": [
          [
            -117.1739443,
            32.8202228
          ],
          [
            -117.1736595,
            32.8202184
          ],
          [
            -117.1735847,
            32.8202184
          ],
          [
            -117.1734566,
            32.8202196
          ]
        ]
      }
    },
    {
      "type": "Feature",
      "properties": {
        "name": "Balboa Avenue",
        "kind": "lane"
      },
      "geometry": {
        "type": "LineString",
        "coordinates": [
          [
            -117.1618504,
            32.8216355
          ],
          [
            -117.1616827,
            32.8216364
          ],
          [
            -117.1612785,
            32.8216382
          ]
        ]
      }
    },
    {
      "type": "Feature",
      "properties": {
        "name": "Balboa Avenue",
        "kind": "lane"
      },
      "geometry": {
        "type": "LineString",
        "coordinates": [
          [
            -117.153598,
            32.8217921
          ],
          [
            -117.1537341,
            32.821861
          ],
          [
            -117.1540457,
            32.8218558
          ]
        ]
      }
    },
    {
      "type": "Feature",
      "properties": {
        "name": "Balboa Avenue",
        "kind": "lane"
      },
      "geometry": {
        "type": "LineString",
        "coordinates": [
          [
            -117.153598,
            32.8217921
          ],
          [
            -117.1532897,
            32.8218025
          ],
          [
            -117.153153,
            32.8218071
          ],
          [
            -117.1529548,
            32.8218138
          ],
          [
            -117.1528024,
            32.8218143
          ],
          [
            -117.1523846,
            32.8218158
          ],
          [
            -117.1522794,
            32.8218162
          ],
          [
            -117.1519281,
            32.8218174
          ],
          [
            -117.1519114,
            32.8218175
          ],
          [
            -117.1508789,
            32.8218213
          ],
          [
            -117.1507735,
            32.8218216
          ],
          [
            -117.1504528,
            32.8218228
          ],
          [
            -117.1503658,
            32.8218231
          ],
          [
            -117.1503326,
            32.8218232
          ],
          [
            -117.1502236,
            32.8218232
          ],
          [
            -117.1500133,
            32.8218232
          ]
        ]
      }
    },
    {
      "type": "Feature",
      "properties": {
        "name": "Balboa Avenue",
        "kind": "shared"
      },
      "geometry": {
        "type": "LineString",
        "coordinates": [
          [
            -117.1551497,
            32.8216803
          ],
          [
            -117.1549993,
            32.8216824
          ]
        ]
      }
    },
    {
      "type": "Feature",
      "properties": {
        "name": "Balboa Avenue",
        "kind": "lane"
      },
      "geometry": {
        "type": "LineString",
        "coordinates": [
          [
            -117.1549993,
            32.8216824
          ],
          [
            -117.1549636,
            32.8216829
          ],
          [
            -117.154917,
            32.8216838
          ],
          [
            -117.1547893,
            32.821686
          ]
        ]
      }
    },
    {
      "type": "Feature",
      "properties": {
        "name": "Balboa Avenue",
        "kind": "lane"
      },
      "geometry": {
        "type": "LineString",
        "coordinates": [
          [
            -117.1551474,
            32.8218403
          ],
          [
            -117.1552311,
            32.82184
          ],
          [
            -117.1552708,
            32.82184
          ],
          [
            -117.1554299,
            32.8218395
          ]
        ]
      }
    },
    {
      "type": "Feature",
      "properties": {
        "name": "Balboa Avenue",
        "kind": "shared"
      },
      "geometry": {
        "type": "LineString",
        "coordinates": [
          [
            -117.155003,
            32.82184
          ],
          [
            -117.1551474,
            32.8218403
          ]
        ]
      }
    },
    {
      "type": "Feature",
      "properties": {
        "name": "Balboa Avenue",
        "kind": "lane"
      },
      "geometry": {
        "type": "LineString",
        "coordinates": [
          [
            -117.1568314,
            32.821678
          ],
          [
            -117.156601,
            32.8216815
          ],
          [
            -117.1562093,
            32.8216875
          ],
          [
            -117.1559228,
            32.8216856
          ]
        ]
      }
    },
    {
      "type": "Feature",
      "properties": {
        "name": "Balboa Avenue",
        "kind": "lane"
      },
      "geometry": {
        "type": "LineString",
        "coordinates": [
          [
            -117.1586342,
            32.8216591
          ],
          [
            -117.158525,
            32.8216612
          ],
          [
            -117.1580249,
            32.8216748
          ],
          [
            -117.1575319,
            32.8216748
          ],
          [
            -117.1572162,
            32.8216748
          ]
        ]
      }
    },
    {
      "type": "Feature",
      "properties": {
        "name": "Balboa Avenue",
        "kind": "lane"
      },
      "geometry": {
        "type": "LineString",
        "coordinates": [
          [
            -117.1590166,
            32.8218052
          ],
          [
            -117.1600758,
            32.8218009
          ]
        ]
      }
    },
    {
      "type": "Feature",
      "properties": {
        "name": "Balboa Avenue",
        "kind": "lane"
      },
      "geometry": {
        "type": "LineString",
        "coordinates": [
          [
            -117.1581803,
            32.82182
          ],
          [
            -117.1584963,
            32.8218147
          ],
          [
            -117.1585316,
            32.8218141
          ],
          [
            -117.1586379,
            32.8218124
          ]
        ]
      }
    },
    {
      "type": "Feature",
      "properties": {
        "name": "Balboa Avenue",
        "kind": "lane"
      },
      "geometry": {
        "type": "LineString",
        "coordinates": [
          [
            -117.1600758,
            32.8218009
          ],
          [
            -117.1602325,
            32.8218003
          ],
          [
            -117.1611824,
            32.8217896
          ],
          [
            -117.1616827,
            32.8217861
          ],
          [
            -117.1619262,
            32.8217871
          ]
        ]
      }
    },
    {
      "type": "Feature",
      "properties": {
        "name": "Balboa Avenue",
        "kind": "lane"
      },
      "geometry": {
        "type": "LineString",
        "coordinates": [
          [
            -117.1608094,
            32.8216415
          ],
          [
            -117.1604361,
            32.8216506
          ],
          [
            -117.1601858,
            32.8216531
          ],
          [
            -117.1597388,
            32.8216519
          ]
        ]
      }
    },
    {
      "type": "Feature",
      "properties": {
        "name": "Balboa Avenue",
        "kind": "lane"
      },
      "geometry": {
        "type": "LineString",
        "coordinates": [
          [
            -117.1568873,
            32.8218297
          ],
          [
            -117.1577431,
            32.8218268
          ],
          [
            -117.1580019,
            32.821823
          ]
        ]
      }
    },
    {
      "type": "Feature",
      "properties": {
        "name": "Balboa Avenue",
        "kind": "shared"
      },
      "geometry": {
        "type": "LineString",
        "coordinates": [
          [
            -117.156535,
            32.8218342
          ],
          [
            -117.1568873,
            32.8218297
          ]
        ]
      }
    },
    {
      "type": "Feature",
      "properties": {
        "name": "Balboa Avenue",
        "kind": "shared"
      },
      "geometry": {
        "type": "LineString",
        "coordinates": [
          [
            -117.154186,
            32.8218535
          ],
          [
            -117.154416,
            32.8218497
          ]
        ]
      }
    },
    {
      "type": "Feature",
      "properties": {
        "name": "Balboa Avenue",
        "kind": "lane"
      },
      "geometry": {
        "type": "LineString",
        "coordinates": [
          [
            -117.1586379,
            32.8218124
          ],
          [
            -117.1590166,
            32.8218052
          ]
        ]
      }
    },
    {
      "type": "Feature",
      "properties": {
        "name": "Balboa Avenue",
        "kind": "shared"
      },
      "geometry": {
        "type": "LineString",
        "coordinates": [
          [
            -117.1559228,
            32.8216856
          ],
          [
            -117.1556512,
            32.8216837
          ]
        ]
      }
    },
    {
      "type": "Feature",
      "properties": {
        "name": "Balboa Avenue",
        "kind": "lane"
      },
      "geometry": {
        "type": "LineString",
        "coordinates": [
          [
            -117.1592534,
            32.8216526
          ],
          [
            -117.159121,
            32.8216522
          ],
          [
            -117.1587404,
            32.8216576
          ],
          [
            -117.1586342,
            32.8216591
          ]
        ]
      }
    },
    {
      "type": "Feature",
      "properties": {
        "name": "Balboa Avenue",
        "kind": "shared"
      },
      "geometry": {
        "type": "LineString",
        "coordinates": [
          [
            -117.154416,
            32.8218497
          ],
          [
            -117.1548951,
            32.8218418
          ],
          [
            -117.1549244,
            32.8218416
          ],
          [
            -117.1549698,
            32.8218405
          ],
          [
            -117.155003,
            32.82184
          ]
        ]
      }
    },
    {
      "type": "Feature",
      "properties": {
        "name": "Balboa Avenue",
        "kind": "lane"
      },
      "geometry": {
        "type": "LineString",
        "coordinates": [
          [
            -117.1596536,
            32.8216524
          ],
          [
            -117.1592784,
            32.8216506
          ],
          [
            -117.1592534,
            32.8216526
          ]
        ]
      }
    },
    {
      "type": "Feature",
      "properties": {
        "name": "Balboa Avenue",
        "kind": "shared"
      },
      "geometry": {
        "type": "LineString",
        "coordinates": [
          [
            -117.1556512,
            32.8216837
          ],
          [
            -117.1553984,
            32.821682
          ]
        ]
      }
    },
    {
      "type": "Feature",
      "properties": {
        "name": "Balboa Avenue",
        "kind": "shared"
      },
      "geometry": {
        "type": "LineString",
        "coordinates": [
          [
            -117.1612785,
            32.8216382
          ],
          [
            -117.1608686,
            32.82164
          ],
          [
            -117.1608094,
            32.8216415
          ]
        ]
      }
    },
    {
      "type": "Feature",
      "properties": {
        "name": "Balboa Avenue",
        "kind": "lane"
      },
      "geometry": {
        "type": "LineString",
        "coordinates": [
          [
            -117.1545022,
            32.8216909
          ],
          [
            -117.1543489,
            32.8216933
          ],
          [
            -117.1538902,
            32.8216962
          ],
          [
            -117.1537305,
            32.8216972
          ],
          [
            -117.153598,
            32.8217921
          ]
        ]
      }
    },
    {
      "type": "Feature",
      "properties": {
        "name": "Balboa Avenue",
        "kind": "lane"
      },
      "geometry": {
        "type": "LineString",
        "coordinates": [
          [
            -117.1547893,
            32.821686
          ],
          [
            -117.1545022,
            32.8216909
          ]
        ]
      }
    },
    {
      "type": "Feature",
      "properties": {
        "name": "Balboa Avenue",
        "kind": "shared"
      },
      "geometry": {
        "type": "LineString",
        "coordinates": [
          [
            -117.1553984,
            32.821682
          ],
          [
            -117.1552863,
            32.8216812
          ],
          [
            -117.1552662,
            32.8216812
          ],
          [
            -117.1552275,
            32.8216808
          ],
          [
            -117.1551497,
            32.8216803
          ]
        ]
      }
    },
    {
      "type": "Feature",
      "properties": {
        "name": "Balboa Avenue",
        "kind": "lane"
      },
      "geometry": {
        "type": "LineString",
        "coordinates": [
          [
            -117.1554299,
            32.8218395
          ],
          [
            -117.1557825,
            32.8218395
          ],
          [
            -117.1560191,
            32.8218395
          ]
        ]
      }
    },
    {
      "type": "Feature",
      "properties": {
        "name": "Balboa Avenue",
        "kind": "shared"
      },
      "geometry": {
        "type": "LineString",
        "coordinates": [
          [
            -117.1540457,
            32.8218558
          ],
          [
            -117.154186,
            32.8218535
          ]
        ]
      }
    },
    {
      "type": "Feature",
      "properties": {
        "name": "Balboa Avenue",
        "kind": "shared"
      },
      "geometry": {
        "type": "LineString",
        "coordinates": [
          [
            -117.1560191,
            32.8218395
          ],
          [
            -117.1561178,
            32.8218395
          ],
          [
            -117.156535,
            32.8218342
          ]
        ]
      }
    },
    {
      "type": "Feature",
      "properties": {
        "name": "Balboa Avenue",
        "kind": "lane"
      },
      "geometry": {
        "type": "LineString",
        "coordinates": [
          [
            -117.1580019,
            32.821823
          ],
          [
            -117.1581803,
            32.82182
          ]
        ]
      }
    },
    {
      "type": "Feature",
      "properties": {
        "name": "Balboa Avenue",
        "kind": "lane"
      },
      "geometry": {
        "type": "LineString",
        "coordinates": [
          [
            -117.1572162,
            32.8216748
          ],
          [
            -117.1568314,
            32.821678
          ]
        ]
      }
    }
  ]
}
